timestamp,cpu,memory
2025-03-05 00:00:00,89,120
2025-03-05 00:15:00,50,129
2025-03-05 00:30:00,51,116
2025-03-05 00:45:00,50,123
2025-03-05 01:00:00,50,108
2025-03-05 01:15:00,50,108
2025-03-05 01:30:00,71,108
2025-03-05 01:45:00,51,111
2025-03-05 02:00:00,50,100
2025-03-05 02:15:00,78,113
2025-03-05 02:30:00,71,102
2025-03-05 02:45:00,50,109
2025-03-05 03:00:00,50,100
2025-03-05 03:15:00,51,102
2025-03-05 03:30:00,74,102
2025-03-05 03:45:00,50,101
2025-03-05 04:00:00,50,100
2025-03-05 04:15:00,76,100
2025-03-05 04:30:00,50,110
2025-03-05 04:45:00,50,107
2025-03-05 05:00:00,56,102
2025-03-05 05:15:00,50,101
2025-03-05 05:30:00,86,100
2025-03-05 05:45:00,86,111
2025-03-05 06:00:00,80,114
2025-03-05 06:15:00,67,100
2025-03-05 06:30:00,50,118
2025-03-05 06:45:00,91,117
2025-03-05 07:00:00,58,115
2025-03-05 07:15:00,90,124
2025-03-05 07:30:00,50,112
2025-03-05 07:45:00,50,114
2025-03-05 08:00:00,70,120
2025-03-05 08:15:00,50,131
2025-03-05 08:30:00,75,126
2025-03-05 08:45:00,50,141
2025-03-05 09:00:00,50,136
2025-03-05 09:15:00,50,132
2025-03-05 09:30:00,50,145
2025-03-05 09:45:00,100,137
2025-03-05 10:00:00,100,145
2025-03-05 10:15:00,50,146
2025-03-05 10:30:00,65,164
2025-03-05 10:45:00,100,150
2025-03-05 11:00:00,97,161
2025-03-05 11:15:00,62,162
2025-03-05 11:30:00,100,176
2025-03-05 11:45:00,100,162
2025-03-05 12:00:00,60,170
2025-03-05 12:15:00,82,172
2025-03-05 12:30:00,79,178
2025-03-05 12:45:00,95,179
2025-03-05 13:00:00,100,175
2025-03-05 13:15:00,66,181
2025-03-05 13:30:00,87,189
2025-03-05 13:45:00,100,184
2025-03-05 14:00:00,81,198
2025-03-05 14:15:00,100,200
2025-03-05 14:30:00,73,200
2025-03-05 14:45:00,100,200
2025-03-05 15:00:00,63,191
2025-03-05 15:15:00,65,200
2025-03-05 15:30:00,100,200
2025-03-05 15:45:00,64,190
2025-03-05 16:00:00,100,196
2025-03-05 16:15:00,100,199
2025-03-05 16:30:00,69,193
2025-03-05 16:45:00,100,200
2025-03-05 17:00:00,100,195
2025-03-05 17:15:00,100,195
2025-03-05 17:30:00,100,194
2025-03-05 17:45:00,70,200
2025-03-05 18:00:00,58,196
2025-03-05 18:15:00,93,184
2025-03-05 18:30:00,67,184
2025-03-05 18:45:00,58,193
2025-03-05 19:00:00,77,187
2025-03-05 19:15:00,54,179
2025-03-05 19:30:00,67,186
2025-03-05 19:45:00,53,175
2025-03-05 20:00:00,69,177
2025-03-05 20:15:00,100,167
2025-03-05 20:30:00,100,163
2025-03-05 20:45:00,100,174
2025-03-05 21:00:00,97,159
2025-03-05 21:15:00,53,151
2025-03-05 21:30:00,50,149
2025-03-05 21:45:00,96,146
2025-03-05 22:00:00,50,154
2025-03-05 22:15:00,100,146
2025-03-05 22:30:00,90,151
2025-03-05 22:45:00,94,132
2025-03-05 23:00:00,100,130
2025-03-05 23:15:00,65,140
2025-03-05 23:30:00,75,126
2025-03-05 23:45:00,50,135
2025-03-06 00:00:00,58,129
2025-03-06 00:15:00,89,123
2025-03-06 00:30:00,50,115
2025-03-06 00:45:00,91,114
2025-03-06 01:00:00,50,119
2025-03-06 01:15:00,50,106
2025-03-06 01:30:00,50,109
2025-03-06 01:45:00,50,103
2025-03-06 02:00:00,50,104
2025-03-06 02:15:00,50,114
2025-03-06 02:30:00,82,113
2025-03-06 02:45:00,76,100
2025-03-06 03:00:00,50,100
2025-03-06 03:15:00,50,100
2025-03-06 03:30:00,69,100
2025-03-06 03:45:00,50,104
2025-03-06 04:00:00,50,105
2025-03-06 04:15:00,50,108
2025-03-06 04:30:00,50,105
2025-03-06 04:45:00,50,100
2025-03-06 05:00:00,50,108
2025-03-06 05:15:00,50,105
2025-03-06 05:30:00,69,106
2025-03-06 05:45:00,50,104
2025-03-06 06:00:00,50,105
2025-03-06 06:15:00,80,103
2025-03-06 06:30:00,60,109
2025-03-06 06:45:00,50,107
2025-03-06 07:00:00,50,110
2025-03-06 07:15:00,52,109
2025-03-06 07:30:00,79,119
2025-03-06 07:45:00,50,129
2025-03-06 08:00:00,50,133
2025-03-06 08:15:00,63,122
2025-03-06 08:30:00,54,128
2025-03-06 08:45:00,75,135
2025-03-06 09:00:00,50,140
2025-03-06 09:15:00,99,131
2025-03-06 09:30:00,75,147
2025-03-06 09:45:00,88,148
2025-03-06 10:00:00,100,159
2025-03-06 10:15:00,50,147
2025-03-06 10:30:00,100,154
2025-03-06 10:45:00,50,160
2025-03-06 11:00:00,60,159
2025-03-06 11:15:00,100,157
2025-03-06 11:30:00,86,168
2025-03-06 11:45:00,72,179
2025-03-06 12:00:00,51,167
2025-03-06 12:15:00,76,167
2025-03-06 12:30:00,52,186
2025-03-06 12:45:00,100,181
2025-03-06 13:00:00,54,179
2025-03-06 13:15:00,73,191
2025-03-06 13:30:00,64,197
2025-03-06 13:45:00,97,184
2025-03-06 14:00:00,76,192
2025-03-06 14:15:00,100,191
2025-03-06 14:30:00,100,200
2025-03-06 14:45:00,100,195
2025-03-06 15:00:00,87,200
2025-03-06 15:15:00,100,197
2025-03-06 15:30:00,75,200
2025-03-06 15:45:00,70,193
2025-03-06 16:00:00,75,190
2025-03-06 16:15:00,100,194
2025-03-06 16:30:00,98,200
2025-03-06 16:45:00,100,200
2025-03-06 17:00:00,100,189
2025-03-06 17:15:00,89,200
2025-03-06 17:30:00,95,200
2025-03-06 17:45:00,70,200
2025-03-06 18:00:00,80,187
2025-03-06 18:15:00,88,192
2025-03-06 18:30:00,62,195
2025-03-06 18:45:00,100,182
2025-03-06 19:00:00,84,193
2025-03-06 19:15:00,100,180
2025-03-06 19:30:00,55,186
2025-03-06 19:45:00,61,176
2025-03-06 20:00:00,100,180
2025-03-06 20:15:00,66,163
2025-03-06 20:30:00,73,173
2025-03-06 20:45:00,81,160
2025-03-06 21:00:00,97,157
2025-03-06 21:15:00,89,159
2025-03-06 21:30:00,78,155
2025-03-06 21:45:00,50,158
2025-03-06 22:00:00,80,142
2025-03-06 22:15:00,65,147
2025-03-06 22:30:00,85,151
2025-03-06 22:45:00,71,146
2025-03-06 23:00:00,56,134
2025-03-06 23:15:00,97,141
2025-03-06 23:30:00,51,123
2025-03-06 23:45:00,50,124
2025-03-07 00:00:00,59,127
2025-03-07 00:15:00,83,131
2025-03-07 00:30:00,97,115
2025-03-07 00:45:00,50,124
2025-03-07 01:00:00,52,111
2025-03-07 01:15:00,71,105
2025-03-07 01:30:00,50,116
2025-03-07 01:45:00,86,111
2025-03-07 02:00:00,75,102
2025-03-07 02:15:00,50,100
2025-03-07 02:30:00,85,111
2025-03-07 02:45:00,50,101
2025-03-07 03:00:00,70,102
2025-03-07 03:15:00,60,109
2025-03-07 03:30:00,50,100
2025-03-07 03:45:00,76,100
2025-03-07 04:00:00,59,108
2025-03-07 04:15:00,50,100
2025-03-07 04:30:00,72,100
2025-03-07 04:45:00,50,100
2025-03-07 05:00:00,50,103
2025-03-07 05:15:00,50,101
2025-03-07 05:30:00,91,110
2025-03-07 05:45:00,50,100
2025-03-07 06:00:00,71,105
2025-03-07 06:15:00,53,112
2025-03-07 06:30:00,50,117
2025-03-07 06:45:00,78,109
2025-03-07 07:00:00,85,123
2025-03-07 07:15:00,52,107
2025-03-07 07:30:00,50,129
2025-03-07 07:45:00,50,116
2025-03-07 08:00:00,88,134
2025-03-07 08:15:00,76,126
2025-03-07 08:30:00,50,131
2025-03-07 08:45:00,59,136
2025-03-07 09:00:00,70,140
2025-03-07 09:15:00,100,146
2025-03-07 09:30:00,70,135
2025-03-07 09:45:00,99,145
2025-03-07 10:00:00,94,155
2025-03-07 10:15:00,86,159
2025-03-07 10:30:00,98,157
2025-03-07 10:45:00,50,160
2025-03-07 11:00:00,100,166
2025-03-07 11:15:00,60,161
2025-03-07 11:30:00,76,171
2025-03-07 11:45:00,50,163
2025-03-07 12:00:00,76,176
2025-03-07 12:15:00,100,171
2025-03-07 12:30:00,100,180
2025-03-07 12:45:00,100,174
2025-03-07 13:00:00,87,188
2025-03-07 13:15:00,100,185
2025-03-07 13:30:00,100,183
2025-03-07 13:45:00,100,200
2025-03-07 14:00:00,84,200
2025-03-07 14:15:00,100,186
2025-03-07 14:30:00,100,197
2025-03-07 14:45:00,100,189
2025-03-07 15:00:00,100,195
2025-03-07 15:15:00,100,200
2025-03-07 15:30:00,100,190
2025-03-07 15:45:00,100,200
2025-03-07 16:00:00,100,200
2025-03-07 16:15:00,89,191
2025-03-07 16:30:00,100,200
2025-03-07 16:45:00,100,190
2025-03-07 17:00:00,100,192
2025-03-07 17:15:00,100,198
2025-03-07 17:30:00,60,186
2025-03-07 17:45:00,80,200
2025-03-07 18:00:00,89,194
2025-03-07 18:15:00,64,196
2025-03-07 18:30:00,55,186
2025-03-07 18:45:00,64,182
2025-03-07 19:00:00,98,187
2025-03-07 19:15:00,100,183
2025-03-07 19:30:00,100,173
2025-03-07 19:45:00,100,173
2025-03-07 20:00:00,100,168
2025-03-07 20:15:00,92,170
2025-03-07 20:30:00,87,177
2025-03-07 20:45:00,54,159
2025-03-07 21:00:00,63,157
2025-03-07 21:15:00,100,156
2025-03-07 21:30:00,100,148
2025-03-07 21:45:00,50,145
2025-03-07 22:00:00,63,147
2025-03-07 22:15:00,69,140
2025-03-07 22:30:00,68,144
2025-03-07 22:45:00,98,145
2025-03-07 23:00:00,50,130
2025-03-07 23:15:00,87,137
2025-03-07 23:30:00,99,122
2025-03-07 23:45:00,63,137
2025-03-08 00:00:00,50,130
2025-03-08 00:15:00,50,114
2025-03-08 00:30:00,55,123
2025-03-08 00:45:00,95,113
2025-03-08 01:00:00,52,124
2025-03-08 01:15:00,95,119
2025-03-08 01:30:00,74,102
2025-03-08 01:45:00,91,114
2025-03-08 02:00:00,50,100
2025-03-08 02:15:00,50,102
2025-03-08 02:30:00,73,108
2025-03-08 02:45:00,50,111
2025-03-08 03:00:00,50,100
2025-03-08 03:15:00,67,101
2025-03-08 03:30:00,52,107
2025-03-08 03:45:00,66,107
2025-03-08 04:00:00,50,100
2025-03-08 04:15:00,50,100
2025-03-08 04:30:00,50,106
2025-03-08 04:45:00,86,100
2025-03-08 05:00:00,50,103
2025-03-08 05:15:00,50,110
2025-03-08 05:30:00,50,109
2025-03-08 05:45:00,52,108
2025-03-08 06:00:00,50,100
2025-03-08 06:15:00,54,103
2025-03-08 06:30:00,58,119
2025-03-08 06:45:00,54,110
2025-03-08 07:00:00,50,106
2025-03-08 07:15:00,67,108
2025-03-08 07:30:00,78,128
2025-03-08 07:45:00,50,115
2025-03-08 08:00:00,50,124
2025-03-08 08:15:00,84,133
2025-03-08 08:30:00,82,133
2025-03-08 08:45:00,68,134
2025-03-08 09:00:00,52,131
2025-03-08 09:15:00,62,148
2025-03-08 09:30:00,50,141
2025-03-08 09:45:00,72,140
2025-03-08 10:00:00,83,145
2025-03-08 10:15:00,73,154
2025-03-08 10:30:00,89,163
2025-03-08 10:45:00,79,155
2025-03-08 11:00:00,50,159
2025-03-08 11:15:00,50,158
2025-03-08 11:30:00,51,175
2025-03-08 11:45:00,100,165
2025-03-08 12:00:00,100,165
2025-03-08 12:15:00,100,175
2025-03-08 12:30:00,100,182
2025-03-08 12:45:00,100,173
2025-03-08 13:00:00,100,189
2025-03-08 13:15:00,70,197
2025-03-08 13:30:00,93,184
2025-03-08 13:45:00,100,182
2025-03-08 14:00:00,97,183
2025-03-08 14:15:00,57,192
2025-03-08 14:30:00,100,200
2025-03-08 14:45:00,100,192
2025-03-08 15:00:00,100,196
2025-03-08 15:15:00,63,200
2025-03-08 15:30:00,100,194
2025-03-08 15:45:00,71,200
2025-03-08 16:00:00,79,194
2025-03-08 16:15:00,100,200
2025-03-08 16:30:00,87,195
2025-03-08 16:45:00,83,190
2025-03-08 17:00:00,61,200
2025-03-08 17:15:00,100,199
2025-03-08 17:30:00,100,198
2025-03-08 17:45:00,82,196
2025-03-08 18:00:00,73,188
2025-03-08 18:15:00,83,190
2025-03-08 18:30:00,54,193
2025-03-08 18:45:00,100,192
2025-03-08 19:00:00,100,188
2025-03-08 19:15:00,81,184
2025-03-08 19:30:00,90,181
2025-03-08 19:45:00,100,178
2025-03-08 20:00:00,100,181
2025-03-08 20:15:00,100,163
2025-03-08 20:30:00,100,163
2025-03-08 20:45:00,100,163
2025-03-08 21:00:00,50,165
2025-03-08 21:15:00,70,157
2025-03-08 21:30:00,50,165
2025-03-08 21:45:00,84,146
2025-03-08 22:00:00,61,159
2025-03-08 22:15:00,91,149
2025-03-08 22:30:00,56,136
2025-03-08 22:45:00,79,149
2025-03-08 23:00:00,50,131
2025-03-08 23:15:00,50,127
2025-03-08 23:30:00,73,140
2025-03-08 23:45:00,50,133
2025-03-09 00:00:00,50,116
2025-03-09 00:15:00,50,128
2025-03-09 00:30:00,50,126
2025-03-09 00:45:00,75,112
2025-03-09 01:00:00,76,113
2025-03-09 01:15:00,86,107
2025-03-09 01:30:00,93,107
2025-03-09 01:45:00,93,113
2025-03-09 02:00:00,50,108
2025-03-09 02:15:00,76,111
2025-03-09 02:30:00,52,100
2025-03-09 02:45:00,50,102
2025-03-09 03:00:00,50,100
2025-03-09 03:15:00,50,107
2025-03-09 03:30:00,50,100
2025-03-09 03:45:00,50,106
2025-03-09 04:00:00,80,100
2025-03-09 04:15:00,71,100
2025-03-09 04:30:00,88,100
2025-03-09 04:45:00,50,100
2025-03-09 05:00:00,63,103
2025-03-09 05:15:00,70,100
2025-03-09 05:30:00,86,100
2025-03-09 05:45:00,81,111
2025-03-09 06:00:00,50,114
2025-03-09 06:15:00,50,100
2025-03-09 06:30:00,78,119
2025-03-09 06:45:00,91,112
2025-03-09 07:00:00,59,122
2025-03-09 07:15:00,50,114
2025-03-09 07:30:00,63,113
2025-03-09 07:45:00,50,118
2025-03-09 08:00:00,77,120
2025-03-09 08:15:00,57,128
2025-03-09 08:30:00,50,134
2025-03-09 08:45:00,58,127
2025-03-09 09:00:00,50,137
2025-03-09 09:15:00,88,139
2025-03-09 09:30:00,90,141
2025-03-09 09:45:00,51,151
2025-03-09 10:00:00,69,149
2025-03-09 10:15:00,50,153
2025-03-09 10:30:00,100,162
2025-03-09 10:45:00,100,162
2025-03-09 11:00:00,100,167
2025-03-09 11:15:00,51,170
2025-03-09 11:30:00,50,164
2025-03-09 11:45:00,76,178
2025-03-09 12:00:00,63,170
2025-03-09 12:15:00,72,175
2025-03-09 12:30:00,99,175
2025-03-09 12:45:00,100,176
2025-03-09 13:00:00,92,193
2025-03-09 13:15:00,98,192
2025-03-09 13:30:00,66,196
2025-03-09 13:45:00,82,198
2025-03-09 14:00:00,68,190
2025-03-09 14:15:00,100,186
2025-03-09 14:30:00,66,200
2025-03-09 14:45:00,74,198
2025-03-09 15:00:00,100,200
2025-03-09 15:15:00,100,200
2025-03-09 15:30:00,100,194
2025-03-09 15:45:00,93,200
2025-03-09 16:00:00,64,194
2025-03-09 16:15:00,92,199
2025-03-09 16:30:00,100,200
2025-03-09 16:45:00,82,197
2025-03-09 17:00:00,100,200
2025-03-09 17:15:00,74,194
2025-03-09 17:30:00,62,193
2025-03-09 17:45:00,59,193
2025-03-09 18:00:00,100,200
2025-03-09 18:15:00,96,193
2025-03-09 18:30:00,84,193
2025-03-09 18:45:00,100,182
2025-03-09 19:00:00,99,190
2025-03-09 19:15:00,100,191
2025-03-09 19:30:00,85,178
2025-03-09 19:45:00,87,170
2025-03-09 20:00:00,70,165
2025-03-09 20:15:00,100,166
2025-03-09 20:30:00,100,165
2025-03-09 20:45:00,96,165
2025-03-09 21:00:00,50,162
2025-03-09 21:15:00,83,160
2025-03-09 21:30:00,82,161
2025-03-09 21:45:00,81,155
2025-03-09 22:00:00,81,147
2025-03-09 22:15:00,55,156
2025-03-09 22:30:00,63,150
2025-03-09 22:45:00,88,148
2025-03-09 23:00:00,50,145
2025-03-09 23:15:00,91,141
2025-03-09 23:30:00,82,138
2025-03-09 23:45:00,58,118
2025-03-10 00:00:00,51,118
2025-03-10 00:15:00,52,122
2025-03-10 00:30:00,85,127
2025-03-10 00:45:00,77,123
2025-03-10 01:00:00,50,116
2025-03-10 01:15:00,50,118
2025-03-10 01:30:00,50,114
2025-03-10 01:45:00,50,111
2025-03-10 02:00:00,61,100
2025-03-10 02:15:00,72,111
2025-03-10 02:30:00,50,101
2025-03-10 02:45:00,60,109
2025-03-10 03:00:00,50,106
2025-03-10 03:15:00,50,100
2025-03-10 03:30:00,50,103
2025-03-10 03:45:00,50,105
2025-03-10 04:00:00,78,107
2025-03-10 04:15:00,68,100
2025-03-10 04:30:00,50,100
2025-03-10 04:45:00,50,110
2025-03-10 05:00:00,50,100
2025-03-10 05:15:00,50,100
2025-03-10 05:30:00,79,103
2025-03-10 05:45:00,50,109
2025-03-10 06:00:00,50,107
2025-03-10 06:15:00,76,107
2025-03-10 06:30:00,50,115
2025-03-10 06:45:00,50,121
2025-03-10 07:00:00,50,120
2025-03-10 07:15:00,79,121
2025-03-10 07:30:00,71,112
2025-03-10 07:45:00,92,115
2025-03-10 08:00:00,50,116
2025-03-10 08:15:00,85,129
2025-03-10 08:30:00,62,122
2025-03-10 08:45:00,100,134
2025-03-10 09:00:00,93,131
2025-03-10 09:15:00,50,143
2025-03-10 09:30:00,100,144
2025-03-10 09:45:00,86,155
2025-03-10 10:00:00,68,149
2025-03-10 10:15:00,75,153
2025-03-10 10:30:00,50,156
2025-03-10 10:45:00,65,166
2025-03-10 11:00:00,58,160
2025-03-10 11:15:00,56,175
2025-03-10 11:30:00,50,159
2025-03-10 11:45:00,74,176
2025-03-10 12:00:00,100,173
2025-03-10 12:15:00,100,174
2025-03-10 12:30:00,100,172
2025-03-10 12:45:00,97,173
2025-03-10 13:00:00,100,180
2025-03-10 13:15:00,100,197
2025-03-10 13:30:00,78,183
2025-03-10 13:45:00,86,188
2025-03-10 14:00:00,94,198
2025-03-10 14:15:00,100,186
2025-03-10 14:30:00,87,200
2025-03-10 14:45:00,72,188
2025-03-10 15:00:00,100,200
2025-03-10 15:15:00,87,200
2025-03-10 15:30:00,100,200
2025-03-10 15:45:00,100,200
2025-03-10 16:00:00,77,200
2025-03-10 16:15:00,100,199
2025-03-10 16:30:00,100,190
2025-03-10 16:45:00,100,200
2025-03-10 17:00:00,62,200
2025-03-10 17:15:00,79,200
2025-03-10 17:30:00,100,199
2025-03-10 17:45:00,65,185
2025-03-10 18:00:00,100,185
2025-03-10 18:15:00,100,183
2025-03-10 18:30:00,88,193
2025-03-10 18:45:00,96,178
2025-03-10 19:00:00,61,193
2025-03-10 19:15:00,72,179
2025-03-10 19:30:00,71,183
2025-03-10 19:45:00,100,175
2025-03-10 20:00:00,69,179
2025-03-10 20:15:00,100,175
2025-03-10 20:30:00,74,167
2025-03-10 20:45:00,90,165
2025-03-10 21:00:00,76,163
2025-03-10 21:15:00,79,164
2025-03-10 21:30:00,50,156
2025-03-10 21:45:00,50,154
2025-03-10 22:00:00,100,159
2025-03-10 22:15:00,96,155
2025-03-10 22:30:00,86,151
2025-03-10 22:45:00,88,143
2025-03-10 23:00:00,51,130
2025-03-10 23:15:00,100,133
2025-03-10 23:30:00,50,126
2025-03-10 23:45:00,50,125
2025-03-11 00:00:00,87,115
2025-03-11 00:15:00,97,119
2025-03-11 00:30:00,77,128
2025-03-11 00:45:00,51,119
2025-03-11 01:00:00,68,112
2025-03-11 01:15:00,84,106
2025-03-11 01:30:00,50,103
2025-03-11 01:45:00,50,102
2025-03-11 02:00:00,76,115
2025-03-11 02:15:00,51,107
2025-03-11 02:30:00,85,103
2025-03-11 02:45:00,82,106
2025-03-11 03:00:00,73,100
2025-03-11 03:15:00,50,102
2025-03-11 03:30:00,50,108
2025-03-11 03:45:00,65,100
2025-03-11 04:00:00,78,100
2025-03-11 04:15:00,50,109
2025-03-11 04:30:00,50,100
2025-03-11 04:45:00,67,100
2025-03-11 05:00:00,71,101
2025-03-11 05:15:00,50,109
2025-03-11 05:30:00,50,112
2025-03-11 05:45:00,50,100
2025-03-11 06:00:00,73,110
2025-03-11 06:15:00,68,104
2025-03-11 06:30:00,74,102
2025-03-11 06:45:00,86,102
2025-03-11 07:00:00,76,113
2025-03-11 07:15:00,50,119
2025-03-11 07:30:00,99,122
2025-03-11 07:45:00,50,128
2025-03-11 08:00:00,66,119
2025-03-11 08:15:00,50,120
2025-03-11 08:30:00,50,130
2025-03-11 08:45:00,50,133
2025-03-11 09:00:00,56,146
2025-03-11 09:15:00,67,132
2025-03-11 09:30:00,59,145
2025-03-11 09:45:00,50,145
2025-03-11 10:00:00,100,141
2025-03-11 10:15:00,100,148
2025-03-11 10:30:00,89,162
2025-03-11 10:45:00,100,163
2025-03-11 11:00:00,69,165
2025-03-11 11:15:00,71,160
2025-03-11 11:30:00,50,167
2025-03-11 11:45:00,58,165
2025-03-11 12:00:00,70,177
2025-03-11 12:15:00,100,184
2025-03-11 12:30:00,77,184
2025-03-11 12:45:00,82,184
2025-03-11 13:00:00,100,186
2025-03-11 13:15:00,100,192
2025-03-11 13:30:00,100,181
2025-03-11 13:45:00,69,190
2025-03-11 14:00:00,100,184
2025-03-11 14:15:00,87,196
2025-03-11 14:30:00,66,191
2025-03-11 14:45:00,100,197
2025-03-11 15:00:00,100,194
2025-03-11 15:15:00,96,200
2025-03-11 15:30:00,66,200
2025-03-11 15:45:00,70,200
2025-03-11 16:00:00,100,200
2025-03-11 16:15:00,100,200
2025-03-11 16:30:00,100,200
2025-03-11 16:45:00,100,200
2025-03-11 17:00:00,63,200
2025-03-11 17:15:00,60,199
2025-03-11 17:30:00,100,188
2025-03-11 17:45:00,100,186
2025-03-11 18:00:00,100,188
2025-03-11 18:15:00,90,192
2025-03-11 18:30:00,81,186
2025-03-11 18:45:00,85,183
2025-03-11 19:00:00,98,193
2025-03-11 19:15:00,100,177
2025-03-11 19:30:00,100,185
2025-03-11 19:45:00,59,182
2025-03-11 20:00:00,82,179
2025-03-11 20:15:00,98,179
2025-03-11 20:30:00,100,175
2025-03-11 20:45:00,100,167
2025-03-11 21:00:00,81,152
2025-03-11 21:15:00,71,151
2025-03-11 21:30:00,63,162
2025-03-11 21:45:00,100,154
2025-03-11 22:00:00,50,142
2025-03-11 22:15:00,84,142
2025-03-11 22:30:00,50,134
2025-03-11 22:45:00,72,139
2025-03-11 23:00:00,83,131
2025-03-11 23:15:00,60,128
2025-03-11 23:30:00,58,135
2025-03-11 23:45:00,50,120
2025-03-12 00:00:00,100,130
2025-03-12 00:15:00,50,129
2025-03-12 00:30:00,50,126
2025-03-12 00:45:00,69,123
2025-03-12 01:00:00,50,118
2025-03-12 01:15:00,75,120
2025-03-12 01:30:00,88,106
2025-03-12 01:45:00,55,109
2025-03-12 02:00:00,93,107
2025-03-12 02:15:00,50,100
2025-03-12 02:30:00,50,100
2025-03-12 02:45:00,60,101
2025-03-12 03:00:00,85,102
2025-03-12 03:15:00,50,107
2025-03-12 03:30:00,50,100
2025-03-12 03:45:00,50,100
2025-03-12 04:00:00,50,100
2025-03-12 04:15:00,65,100
2025-03-12 04:30:00,50,105
2025-03-12 04:45:00,50,103
2025-03-12 05:00:00,79,100
2025-03-12 05:15:00,70,108
2025-03-12 05:30:00,56,108
2025-03-12 05:45:00,50,108
2025-03-12 06:00:00,50,100
2025-03-12 06:15:00,72,116
2025-03-12 06:30:00,75,119
2025-03-12 06:45:00,50,112
2025-03-12 07:00:00,59,116
2025-03-12 07:15:00,73,116
2025-03-12 07:30:00,77,120
2025-03-12 07:45:00,78,130
2025-03-12 08:00:00,72,120
2025-03-12 08:15:00,50,120
2025-03-12 08:30:00,50,133
2025-03-12 08:45:00,55,131
2025-03-12 09:00:00,54,141
2025-03-12 09:15:00,95,150
2025-03-12 09:30:00,70,139
2025-03-12 09:45:00,97,142
2025-03-12 10:00:00,100,144
2025-03-12 10:15:00,50,157
2025-03-12 10:30:00,100,148
2025-03-12 10:45:00,50,150
2025-03-12 11:00:00,100,165
2025-03-12 11:15:00,92,172
2025-03-12 11:30:00,100,178
2025-03-12 11:45:00,100,175
2025-03-12 12:00:00,95,176
2025-03-12 12:15:00,100,182
2025-03-12 12:30:00,59,188
2025-03-12 12:45:00,100,176
2025-03-12 13:00:00,100,190
2025-03-12 13:15:00,89,185
2025-03-12 13:30:00,70,188
2025-03-12 13:45:00,81,190
2025-03-12 14:00:00,100,184
2025-03-12 14:15:00,100,194
2025-03-12 14:30:00,100,192
2025-03-12 14:45:00,94,191
2025-03-12 15:00:00,100,196
2025-03-12 15:15:00,100,200
2025-03-12 15:30:00,100,200
2025-03-12 15:45:00,86,199
2025-03-12 16:00:00,97,200
2025-03-12 16:15:00,75,200
2025-03-12 16:30:00,100,200
2025-03-12 16:45:00,83,200
2025-03-12 17:00:00,68,195
2025-03-12 17:15:00,100,200
2025-03-12 17:30:00,100,194
2025-03-12 17:45:00,100,198
2025-03-12 18:00:00,89,198
2025-03-12 18:15:00,100,190
2025-03-12 18:30:00,60,195
2025-03-12 18:45:00,54,180
2025-03-12 19:00:00,100,176
2025-03-12 19:15:00,100,177
2025-03-12 19:30:00,100,177
2025-03-12 19:45:00,100,182
2025-03-12 20:00:00,100,171
2025-03-12 20:15:00,100,167
2025-03-12 20:30:00,100,165
2025-03-12 20:45:00,100,160
2025-03-12 21:00:00,52,165
2025-03-12 21:15:00,84,157
2025-03-12 21:30:00,65,166
2025-03-12 21:45:00,100,149
2025-03-12 22:00:00,100,141
2025-03-12 22:15:00,56,146
2025-03-12 22:30:00,74,152
2025-03-12 22:45:00,50,149
2025-03-12 23:00:00,50,134
2025-03-12 23:15:00,80,143
2025-03-12 23:30:00,73,122
2025-03-12 23:45:00,50,120
2025-03-13 00:00:00,50,123
2025-03-13 00:15:00,57,131
2025-03-13 00:30:00,81,111
2025-03-13 00:45:00,84,111
2025-03-13 01:00:00,75,111
2025-03-13 01:15:00,50,113
2025-03-13 01:30:00,50,108
2025-03-13 01:45:00,50,104
2025-03-13 02:00:00,92,112
2025-03-13 02:15:00,50,100
2025-03-13 02:30:00,50,100
2025-03-13 02:45:00,63,106
2025-03-13 03:00:00,50,103
2025-03-13 03:15:00,61,108
2025-03-13 03:30:00,50,100
2025-03-13 03:45:00,53,100
2025-03-13 04:00:00,73,100
2025-03-13 04:15:00,50,108
2025-03-13 04:30:00,67,100
2025-03-13 04:45:00,87,102
2025-03-13 05:00:00,82,100
2025-03-13 05:15:00,50,106
2025-03-13 05:30:00,50,112
2025-03-13 05:45:00,50,103
2025-03-13 06:00:00,50,103
2025-03-13 06:15:00,59,103
2025-03-13 06:30:00,56,112
2025-03-13 06:45:00,53,110
2025-03-13 07:00:00,50,113
2025-03-13 07:15:00,75,109
2025-03-13 07:30:00,50,114
2025-03-13 07:45:00,97,118
2025-03-13 08:00:00,50,126
2025-03-13 08:15:00,76,131
2025-03-13 08:30:00,93,139
2025-03-13 08:45:00,50,128
2025-03-13 09:00:00,68,141
2025-03-13 09:15:00,84,140
2025-03-13 09:30:00,50,141
2025-03-13 09:45:00,93,149
2025-03-13 10:00:00,89,145
2025-03-13 10:15:00,97,155
2025-03-13 10:30:00,100,152
2025-03-13 10:45:00,62,154
2025-03-13 11:00:00,57,165
2025-03-13 11:15:00,85,165
2025-03-13 11:30:00,63,160
2025-03-13 11:45:00,54,176
2025-03-13 12:00:00,54,181
2025-03-13 12:15:00,100,178
2025-03-13 12:30:00,100,185
2025-03-13 12:45:00,77,186
2025-03-13 13:00:00,55,189
2025-03-13 13:15:00,92,178
2025-03-13 13:30:00,59,180
2025-03-13 13:45:00,75,196
2025-03-13 14:00:00,100,193
2025-03-13 14:15:00,100,199
2025-03-13 14:30:00,100,189
2025-03-13 14:45:00,71,192
2025-03-13 15:00:00,71,189
2025-03-13 15:15:00,100,189
2025-03-13 15:30:00,100,200
2025-03-13 15:45:00,71,200
2025-03-13 16:00:00,100,195
2025-03-13 16:15:00,100,192
2025-03-13 16:30:00,70,189
2025-03-13 16:45:00,69,191
2025-03-13 17:00:00,77,200
2025-03-13 17:15:00,62,200
2025-03-13 17:30:00,96,200
2025-03-13 17:45:00,84,198
2025-03-13 18:00:00,100,193
2025-03-13 18:15:00,60,198
2025-03-13 18:30:00,75,179
2025-03-13 18:45:00,100,189
2025-03-13 19:00:00,100,176
2025-03-13 19:15:00,69,177
2025-03-13 19:30:00,100,174
2025-03-13 19:45:00,100,184
2025-03-13 20:00:00,98,166
2025-03-13 20:15:00,100,173
2025-03-13 20:30:00,100,173
2025-03-13 20:45:00,72,173
2025-03-13 21:00:00,93,169
2025-03-13 21:15:00,93,161
2025-03-13 21:30:00,77,158
2025-03-13 21:45:00,52,159
2025-03-13 22:00:00,84,145
2025-03-13 22:15:00,51,154
2025-03-13 22:30:00,100,151
2025-03-13 22:45:00,100,142
2025-03-13 23:00:00,50,135
2025-03-13 23:15:00,73,130
2025-03-13 23:30:00,80,128
2025-03-13 23:45:00,50,132
2025-03-14 00:00:00,97,134
2025-03-14 00:15:00,50,115
2025-03-14 00:30:00,50,119
2025-03-14 00:45:00,87,114
2025-03-14 01:00:00,97,122
2025-03-14 01:15:00,50,113
2025-03-14 01:30:00,84,111
2025-03-14 01:45:00,50,103
2025-03-14 02:00:00,64,100
2025-03-14 02:15:00,50,106
2025-03-14 02:30:00,54,108
2025-03-14 02:45:00,57,107
2025-03-14 03:00:00,50,100
2025-03-14 03:15:00,50,100
2025-03-14 03:30:00,50,102
2025-03-14 03:45:00,73,100
2025-03-14 04:00:00,50,100
2025-03-14 04:15:00,78,100
2025-03-14 04:30:00,65,100
2025-03-14 04:45:00,50,104
2025-03-14 05:00:00,74,103
2025-03-14 05:15:00,76,105
2025-03-14 05:30:00,50,106
2025-03-14 05:45:00,50,100
2025-03-14 06:00:00,50,103
2025-03-14 06:15:00,50,109
2025-03-14 06:30:00,87,116
2025-03-14 06:45:00,54,113
2025-03-14 07:00:00,50,122
2025-03-14 07:15:00,57,119
2025-03-14 07:30:00,50,124
2025-03-14 07:45:00,50,121
2025-03-14 08:00:00,50,133
2025-03-14 08:15:00,50,118
2025-03-14 08:30:00,89,128
2025-03-14 08:45:00,62,142
2025-03-14 09:00:00,53,140
2025-03-14 09:15:00,50,146
2025-03-14 09:30:00,53,150
2025-03-14 09:45:00,63,152
2025-03-14 10:00:00,100,142
2025-03-14 10:15:00,91,155
2025-03-14 10:30:00,80,152
2025-03-14 10:45:00,100,151
2025-03-14 11:00:00,70,171
2025-03-14 11:15:00,100,157
2025-03-14 11:30:00,78,161
2025-03-14 11:45:00,100,172
2025-03-14 12:00:00,100,170
2025-03-14 12:15:00,94,173
2025-03-14 12:30:00,51,170
2025-03-14 12:45:00,57,173
2025-03-14 13:00:00,100,177
2025-03-14 13:15:00,100,181
2025-03-14 13:30:00,82,189
2025-03-14 13:45:00,100,186
2025-03-14 14:00:00,76,200
2025-03-14 14:15:00,88,187
2025-03-14 14:30:00,100,189
2025-03-14 14:45:00,100,192
2025-03-14 15:00:00,100,194
2025-03-14 15:15:00,96,192
2025-03-14 15:30:00,93,198
2025-03-14 15:45:00,73,196
2025-03-14 16:00:00,100,200
2025-03-14 16:15:00,94,200
2025-03-14 16:30:00,100,200
2025-03-14 16:45:00,100,200
2025-03-14 17:00:00,64,188
2025-03-14 17:15:00,81,200
2025-03-14 17:30:00,68,200
2025-03-14 17:45:00,60,200
2025-03-14 18:00:00,76,196
2025-03-14 18:15:00,100,193
2025-03-14 18:30:00,66,180
2025-03-14 18:45:00,68,195
2025-03-14 19:00:00,87,193
2025-03-14 19:15:00,100,182
2025-03-14 19:30:00,84,178
2025-03-14 19:45:00,57,181
2025-03-14 20:00:00,90,178
2025-03-14 20:15:00,57,164
2025-03-14 20:30:00,50,168
2025-03-14 20:45:00,100,174
2025-03-14 21:00:00,100,155
2025-03-14 21:15:00,61,154
2025-03-14 21:30:00,100,158
2025-03-14 21:45:00,96,150
2025-03-14 22:00:00,100,154
2025-03-14 22:15:00,71,139
2025-03-14 22:30:00,51,136
2025-03-14 22:45:00,83,130
2025-03-14 23:00:00,50,137
2025-03-14 23:15:00,93,129
2025-03-14 23:30:00,67,125
2025-03-14 23:45:00,50,137
2025-03-15 00:00:00,93,128
2025-03-15 00:15:00,50,131
2025-03-15 00:30:00,81,124
2025-03-15 00:45:00,50,114
2025-03-15 01:00:00,75,118
2025-03-15 01:15:00,50,116
2025-03-15 01:30:00,50,108
2025-03-15 01:45:00,50,113
2025-03-15 02:00:00,50,100
2025-03-15 02:15:00,71,105
2025-03-15 02:30:00,67,100
2025-03-15 02:45:00,69,100
2025-03-15 03:00:00,50,107
2025-03-15 03:15:00,50,109
2025-03-15 03:30:00,63,110
2025-03-15 03:45:00,68,106
2025-03-15 04:00:00,50,103
2025-03-15 04:15:00,50,100
2025-03-15 04:30:00,50,100
2025-03-15 04:45:00,50,100
2025-03-15 05:00:00,58,111
2025-03-15 05:15:00,76,106
2025-03-15 05:30:00,74,103
2025-03-15 05:45:00,87,107
2025-03-15 06:00:00,51,107
2025-03-15 06:15:00,50,100
2025-03-15 06:30:00,50,112
2025-03-15 06:45:00,50,121
2025-03-15 07:00:00,50,109
2025-03-15 07:15:00,61,119
2025-03-15 07:30:00,76,118
2025-03-15 07:45:00,93,114
2025-03-15 08:00:00,71,120
2025-03-15 08:15:00,50,133
2025-03-15 08:30:00,50,136
2025-03-15 08:45:00,85,129
2025-03-15 09:00:00,100,137
2025-03-15 09:15:00,50,131
2025-03-15 09:30:00,82,145
2025-03-15 09:45:00,50,142
2025-03-15 10:00:00,81,150
2025-03-15 10:15:00,87,154
2025-03-15 10:30:00,82,149
2025-03-15 10:45:00,100,154
2025-03-15 11:00:00,97,157
2025-03-15 11:15:00,100,162
2025-03-15 11:30:00,100,176
2025-03-15 11:45:00,79,165
2025-03-15 12:00:00,53,166
2025-03-15 12:15:00,79,181
2025-03-15 12:30:00,100,174
2025-03-15 12:45:00,100,181
2025-03-15 13:00:00,89,176
2025-03-15 13:15:00,100,181
2025-03-15 13:30:00,79,184
2025-03-15 13:45:00,68,191
2025-03-15 14:00:00,100,189
2025-03-15 14:15:00,100,200
2025-03-15 14:30:00,91,191
2025-03-15 14:45:00,62,191
2025-03-15 15:00:00,72,200
2025-03-15 15:15:00,76,191
2025-03-15 15:30:00,100,200
2025-03-15 15:45:00,87,193
2025-03-15 16:00:00,83,200
2025-03-15 16:15:00,100,198
2025-03-15 16:30:00,94,200
2025-03-15 16:45:00,100,198
2025-03-15 17:00:00,87,196
2025-03-15 17:15:00,100,193
2025-03-15 17:30:00,64,187
2025-03-15 17:45:00,100,194
2025-03-15 18:00:00,65,185
2025-03-15 18:15:00,100,184
2025-03-15 18:30:00,61,184
2025-03-15 18:45:00,100,182
2025-03-15 19:00:00,56,194
2025-03-15 19:15:00,93,186
2025-03-15 19:30:00,71,182
2025-03-15 19:45:00,66,168
2025-03-15 20:00:00,97,179
2025-03-15 20:15:00,50,166
2025-03-15 20:30:00,64,160
2025-03-15 20:45:00,91,175
2025-03-15 21:00:00,50,171
2025-03-15 21:15:00,97,152
2025-03-15 21:30:00,96,147
2025-03-15 21:45:00,100,154
2025-03-15 22:00:00,50,154
2025-03-15 22:15:00,60,150
2025-03-15 22:30:00,85,134
2025-03-15 22:45:00,52,136
2025-03-15 23:00:00,85,127
2025-03-15 23:15:00,76,136
2025-03-15 23:30:00,74,121
2025-03-15 23:45:00,56,118
2025-03-16 00:00:00,53,119
2025-03-16 00:15:00,57,124
2025-03-16 00:30:00,63,113
2025-03-16 00:45:00,50,110
2025-03-16 01:00:00,50,109
2025-03-16 01:15:00,61,115
2025-03-16 01:30:00,52,113
2025-03-16 01:45:00,75,116
2025-03-16 02:00:00,85,110
2025-03-16 02:15:00,50,100
2025-03-16 02:30:00,84,106
2025-03-16 02:45:00,50,110
2025-03-16 03:00:00,60,108
2025-03-16 03:15:00,88,110
2025-03-16 03:30:00,50,104
2025-03-16 03:45:00,69,100
2025-03-16 04:00:00,50,100
2025-03-16 04:15:00,50,100
2025-03-16 04:30:00,65,100
2025-03-16 04:45:00,79,101
2025-03-16 05:00:00,50,103
2025-03-16 05:15:00,50,105
2025-03-16 05:30:00,67,100
2025-03-16 05:45:00,50,107
2025-03-16 06:00:00,74,107
2025-03-16 06:15:00,50,110
2025-03-16 06:30:00,50,104
2025-03-16 06:45:00,50,102
2025-03-16 07:00:00,50,112
2025-03-16 07:15:00,50,107
2025-03-16 07:30:00,77,115
2025-03-16 07:45:00,50,117
2025-03-16 08:00:00,73,125
2025-03-16 08:15:00,50,137
2025-03-16 08:30:00,55,135
2025-03-16 08:45:00,50,126
2025-03-16 09:00:00,69,136
2025-03-16 09:15:00,58,141
2025-03-16 09:30:00,51,150
2025-03-16 09:45:00,50,155
2025-03-16 10:00:00,50,141
2025-03-16 10:15:00,87,162
2025-03-16 10:30:00,50,150
2025-03-16 10:45:00,61,158
2025-03-16 11:00:00,100,168
2025-03-16 11:15:00,100,170
2025-03-16 11:30:00,100,166
2025-03-16 11:45:00,86,170
2025-03-16 12:00:00,54,179
2025-03-16 12:15:00,100,177
2025-03-16 12:30:00,83,179
2025-03-16 12:45:00,58,183
2025-03-16 13:00:00,98,184
2025-03-16 13:15:00,100,196
2025-03-16 13:30:00,64,196
2025-03-16 13:45:00,100,184
2025-03-16 14:00:00,84,197
2025-03-16 14:15:00,71,200
2025-03-16 14:30:00,73,195
2025-03-16 14:45:00,92,200
2025-03-16 15:00:00,95,200
2025-03-16 15:15:00,69,200
2025-03-16 15:30:00,100,196
2025-03-16 15:45:00,99,200
2025-03-16 16:00:00,84,200
2025-03-16 16:15:00,77,196
2025-03-16 16:30:00,100,200
2025-03-16 16:45:00,95,200
2025-03-16 17:00:00,100,200
2025-03-16 17:15:00,73,191
2025-03-16 17:30:00,100,193
2025-03-16 17:45:00,100,191
2025-03-16 18:00:00,84,183
2025-03-16 18:15:00,73,190
2025-03-16 18:30:00,100,199
2025-03-16 18:45:00,100,179
2025-03-16 19:00:00,97,183
2025-03-16 19:15:00,81,179
2025-03-16 19:30:00,58,173
2025-03-16 19:45:00,100,177
2025-03-16 20:00:00,86,171
2025-03-16 20:15:00,70,181
2025-03-16 20:30:00,65,163
2025-03-16 20:45:00,100,159
2025-03-16 21:00:00,100,162
2025-03-16 21:15:00,66,153
2025-03-16 21:30:00,70,166
2025-03-16 21:45:00,71,148
2025-03-16 22:00:00,100,158
2025-03-16 22:15:00,65,136
2025-03-16 22:30:00,85,152
2025-03-16 22:45:00,100,145
2025-03-16 23:00:00,69,129
2025-03-16 23:15:00,90,126
2025-03-16 23:30:00,54,135
2025-03-16 23:45:00,50,125
2025-03-17 00:00:00,96,121
2025-03-17 00:15:00,50,115
2025-03-17 00:30:00,50,116
2025-03-17 00:45:00,50,114
2025-03-17 01:00:00,55,124
2025-03-17 01:15:00,50,112
2025-03-17 01:30:00,50,114
2025-03-17 01:45:00,50,103
2025-03-17 02:00:00,50,105
2025-03-17 02:15:00,87,110
2025-03-17 02:30:00,72,101
2025-03-17 02:45:00,50,100
2025-03-17 03:00:00,50,100
2025-03-17 03:15:00,50,100
2025-03-17 03:30:00,83,102
2025-03-17 03:45:00,50,100
2025-03-17 04:00:00,50,100
2025-03-17 04:15:00,50,106
2025-03-17 04:30:00,50,103
2025-03-17 04:45:00,76,100
2025-03-17 05:00:00,89,100
2025-03-17 05:15:00,50,111
2025-03-17 05:30:00,50,100
2025-03-17 05:45:00,85,100
2025-03-17 06:00:00,50,103
2025-03-17 06:15:00,50,105
2025-03-17 06:30:00,50,113
2025-03-17 06:45:00,54,119
2025-03-17 07:00:00,50,109
2025-03-17 07:15:00,50,111
2025-03-17 07:30:00,82,111
2025-03-17 07:45:00,50,125
2025-03-17 08:00:00,75,127
2025-03-17 08:15:00,91,120
2025-03-17 08:30:00,50,122
2025-03-17 08:45:00,50,127
2025-03-17 09:00:00,50,145
2025-03-17 09:15:00,50,139
2025-03-17 09:30:00,50,153
2025-03-17 09:45:00,50,140
2025-03-17 10:00:00,96,152
2025-03-17 10:15:00,50,162
2025-03-17 10:30:00,82,156
2025-03-17 10:45:00,55,155
2025-03-17 11:00:00,100,168
2025-03-17 11:15:00,50,157
2025-03-17 11:30:00,100,173
2025-03-17 11:45:00,86,166
2025-03-17 12:00:00,99,181
2025-03-17 12:15:00,68,177
2025-03-17 12:30:00,100,185
2025-03-17 12:45:00,79,180
2025-03-17 13:00:00,100,192
2025-03-17 13:15:00,100,196
2025-03-17 13:30:00,66,196
2025-03-17 13:45:00,100,186
2025-03-17 14:00:00,83,186
2025-03-17 14:15:00,97,189
2025-03-17 14:30:00,87,200
2025-03-17 14:45:00,100,188
2025-03-17 15:00:00,88,190
2025-03-17 15:15:00,68,199
2025-03-17 15:30:00,67,197
2025-03-17 15:45:00,69,196
2025-03-17 16:00:00,68,200
2025-03-17 16:15:00,100,199
2025-03-17 16:30:00,77,200
2025-03-17 16:45:00,100,200
2025-03-17 17:00:00,100,188
2025-03-17 17:15:00,100,193
2025-03-17 17:30:00,100,197
2025-03-17 17:45:00,63,200
2025-03-17 18:00:00,100,188
2025-03-17 18:15:00,83,191
2025-03-17 18:30:00,100,186
2025-03-17 18:45:00,86,189
2025-03-17 19:00:00,100,181
2025-03-17 19:15:00,100,178
2025-03-17 19:30:00,90,172
2025-03-17 19:45:00,63,182
2025-03-17 20:00:00,97,168
2025-03-17 20:15:00,58,170
2025-03-17 20:30:00,96,161
2025-03-17 20:45:00,57,159
2025-03-17 21:00:00,52,168
2025-03-17 21:15:00,96,160
2025-03-17 21:30:00,50,156
2025-03-17 21:45:00,71,147
2025-03-17 22:00:00,50,151
2025-03-17 22:15:00,78,151
2025-03-17 22:30:00,71,147
2025-03-17 22:45:00,100,141
2025-03-17 23:00:00,91,135
2025-03-17 23:15:00,100,142
2025-03-17 23:30:00,50,126
2025-03-17 23:45:00,77,118
2025-03-18 00:00:00,66,127
2025-03-18 00:15:00,90,114
2025-03-18 00:30:00,50,114
2025-03-18 00:45:00,75,114
2025-03-18 01:00:00,67,122
2025-03-18 01:15:00,50,105
2025-03-18 01:30:00,50,103
2025-03-18 01:45:00,50,105
2025-03-18 02:00:00,50,113
2025-03-18 02:15:00,67,101
2025-03-18 02:30:00,77,100
2025-03-18 02:45:00,69,107
2025-03-18 03:00:00,50,100
2025-03-18 03:15:00,83,108
2025-03-18 03:30:00,80,100
2025-03-18 03:45:00,50,100
2025-03-18 04:00:00,50,100
2025-03-18 04:15:00,58,102
2025-03-18 04:30:00,57,100
2025-03-18 04:45:00,50,102
2025-03-18 05:00:00,71,111
2025-03-18 05:15:00,67,100
2025-03-18 05:30:00,68,111
2025-03-18 05:45:00,79,114
2025-03-18 06:00:00,50,109
2025-03-18 06:15:00,50,113
2025-03-18 06:30:00,59,104
2025-03-18 06:45:00,68,119
2025-03-18 07:00:00,71,109
2025-03-18 07:15:00,50,111
2025-03-18 07:30:00,50,113
2025-03-18 07:45:00,50,123
2025-03-18 08:00:00,51,115
2025-03-18 08:15:00,75,132
2025-03-18 08:30:00,62,127
2025-03-18 08:45:00,69,129
2025-03-18 09:00:00,62,145
2025-03-18 09:15:00,50,131
2025-03-18 09:30:00,91,138
2025-03-18 09:45:00,50,149
2025-03-18 10:00:00,100,149
2025-03-18 10:15:00,50,154
2025-03-18 10:30:00,70,152
2025-03-18 10:45:00,100,168
2025-03-18 11:00:00,100,167
2025-03-18 11:15:00,95,173
2025-03-18 11:30:00,100,172
2025-03-18 11:45:00,100,176
2025-03-18 12:00:00,86,165
2025-03-18 12:15:00,100,180
2025-03-18 12:30:00,100,176
2025-03-18 12:45:00,53,175
2025-03-18 13:00:00,81,176
2025-03-18 13:15:00,100,188
2025-03-18 13:30:00,100,182
2025-03-18 13:45:00,100,185
2025-03-18 14:00:00,81,200
2025-03-18 14:15:00,74,200
2025-03-18 14:30:00,100,194
2025-03-18 14:45:00,67,198
2025-03-18 15:00:00,70,200
2025-03-18 15:15:00,100,200
2025-03-18 15:30:00,100,194
2025-03-18 15:45:00,71,200
2025-03-18 16:00:00,91,190
2025-03-18 16:15:00,91,200
2025-03-18 16:30:00,100,199
2025-03-18 16:45:00,88,191
2025-03-18 17:00:00,100,193
2025-03-18 17:15:00,100,194
2025-03-18 17:30:00,91,200
2025-03-18 17:45:00,100,200
2025-03-18 18:00:00,100,189
2025-03-18 18:15:00,100,191
2025-03-18 18:30:00,100,197
2025-03-18 18:45:00,100,177
2025-03-18 19:00:00,100,177
2025-03-18 19:15:00,100,191
2025-03-18 19:30:00,100,182
2025-03-18 19:45:00,96,170
2025-03-18 20:00:00,50,183
2025-03-18 20:15:00,78,180
2025-03-18 20:30:00,100,177
2025-03-18 20:45:00,75,161
2025-03-18 21:00:00,52,160
2025-03-18 21:15:00,50,149
2025-03-18 21:30:00,55,162
2025-03-18 21:45:00,50,146
2025-03-18 22:00:00,100,152
2025-03-18 22:15:00,51,139
2025-03-18 22:30:00,53,148
2025-03-18 22:45:00,100,137
2025-03-18 23:00:00,68,132
2025-03-18 23:15:00,50,137
2025-03-18 23:30:00,64,122
2025-03-18 23:45:00,98,133
2025-03-19 00:00:00,50,117
2025-03-19 00:15:00,50,131
2025-03-19 00:30:00,81,113
2025-03-19 00:45:00,50,121
2025-03-19 01:00:00,73,115
2025-03-19 01:15:00,50,114
2025-03-19 01:30:00,83,111
2025-03-19 01:45:00,66,108
2025-03-19 02:00:00,73,107
2025-03-19 02:15:00,50,100
2025-03-19 02:30:00,53,105
2025-03-19 02:45:00,56,101
2025-03-19 03:00:00,50,111
2025-03-19 03:15:00,71,110
2025-03-19 03:30:00,78,103
2025-03-19 03:45:00,60,106
2025-03-19 04:00:00,50,100
2025-03-19 04:15:00,50,100
2025-03-19 04:30:00,50,100
2025-03-19 04:45:00,50,100
2025-03-19 05:00:00,72,100
2025-03-19 05:15:00,50,100
2025-03-19 05:30:00,54,106
2025-03-19 05:45:00,50,113
2025-03-19 06:00:00,70,113
2025-03-19 06:15:00,53,109
2025-03-19 06:30:00,66,112
2025-03-19 06:45:00,58,109
2025-03-19 07:00:00,85,112
2025-03-19 07:15:00,93,122
2025-03-19 07:30:00,79,121
2025-03-19 07:45:00,50,127
2025-03-19 08:00:00,90,124
2025-03-19 08:15:00,71,126
2025-03-19 08:30:00,69,132
2025-03-19 08:45:00,50,139
2025-03-19 09:00:00,57,145
2025-03-19 09:15:00,86,143
2025-03-19 09:30:00,53,149
2025-03-19 09:45:00,63,151
2025-03-19 10:00:00,50,153
2025-03-19 10:15:00,100,148
2025-03-19 10:30:00,63,163
2025-03-19 10:45:00,50,161
2025-03-19 11:00:00,58,158
2025-03-19 11:15:00,100,163
2025-03-19 11:30:00,100,173
2025-03-19 11:45:00,91,171
2025-03-19 12:00:00,100,180
2025-03-19 12:15:00,100,187
2025-03-19 12:30:00,100,177
2025-03-19 12:45:00,100,189
2025-03-19 13:00:00,100,183
2025-03-19 13:15:00,100,182
2025-03-19 13:30:00,100,196
2025-03-19 13:45:00,65,192
2025-03-19 14:00:00,77,184
2025-03-19 14:15:00,58,186
2025-03-19 14:30:00,100,200
2025-03-19 14:45:00,73,190
2025-03-19 15:00:00,59,195
2025-03-19 15:15:00,100,195
2025-03-19 15:30:00,100,200
2025-03-19 15:45:00,100,192
2025-03-19 16:00:00,77,200
2025-03-19 16:15:00,100,193
2025-03-19 16:30:00,100,200
2025-03-19 16:45:00,71,194
2025-03-19 17:00:00,65,198
2025-03-19 17:15:00,100,200
2025-03-19 17:30:00,61,200
2025-03-19 17:45:00,100,200
2025-03-19 18:00:00,70,200
2025-03-19 18:15:00,60,200
2025-03-19 18:30:00,56,197
2025-03-19 18:45:00,68,187
2025-03-19 19:00:00,53,185
2025-03-19 19:15:00,60,177
2025-03-19 19:30:00,100,173
2025-03-19 19:45:00,81,177
2025-03-19 20:00:00,100,173
2025-03-19 20:15:00,100,164
2025-03-19 20:30:00,89,169
2025-03-19 20:45:00,64,173
2025-03-19 21:00:00,80,162
2025-03-19 21:15:00,78,156
2025-03-19 21:30:00,55,148
2025-03-19 21:45:00,61,150
2025-03-19 22:00:00,99,159
2025-03-19 22:15:00,50,137
2025-03-19 22:30:00,81,136
2025-03-19 22:45:00,80,145
2025-03-19 23:00:00,72,127
2025-03-19 23:15:00,50,129
2025-03-19 23:30:00,50,128
2025-03-19 23:45:00,61,134
2025-03-20 00:00:00,52,132
2025-03-20 00:15:00,95,129
2025-03-20 00:30:00,97,109
2025-03-20 00:45:00,73,116
2025-03-20 01:00:00,50,117
2025-03-20 01:15:00,55,115
2025-03-20 01:30:00,50,107
2025-03-20 01:45:00,64,102
2025-03-20 02:00:00,93,113
2025-03-20 02:15:00,50,108
2025-03-20 02:30:00,57,100
2025-03-20 02:45:00,52,100
2025-03-20 03:00:00,88,100
2025-03-20 03:15:00,50,100
2025-03-20 03:30:00,64,100
2025-03-20 03:45:00,63,108
2025-03-20 04:00:00,50,102
2025-03-20 04:15:00,63,106
2025-03-20 04:30:00,63,109
2025-03-20 04:45:00,50,107
2025-03-20 05:00:00,59,100
2025-03-20 05:15:00,84,100
2025-03-20 05:30:00,50,110
2025-03-20 05:45:00,50,107
2025-03-20 06:00:00,65,108
2025-03-20 06:15:00,90,111
2025-03-20 06:30:00,50,119
2025-03-20 06:45:00,50,109
2025-03-20 07:00:00,69,113
2025-03-20 07:15:00,68,120
2025-03-20 07:30:00,50,118
2025-03-20 07:45:00,60,128
2025-03-20 08:00:00,74,132
2025-03-20 08:15:00,100,132
2025-03-20 08:30:00,100,140
2025-03-20 08:45:00,75,132
2025-03-20 09:00:00,58,141
2025-03-20 09:15:00,52,137
2025-03-20 09:30:00,100,149
2025-03-20 09:45:00,55,148
2025-03-20 10:00:00,90,140
2025-03-20 10:15:00,90,155
2025-03-20 10:30:00,56,150
2025-03-20 10:45:00,70,152
2025-03-20 11:00:00,100,163
2025-03-20 11:15:00,94,172
2025-03-20 11:30:00,74,175
2025-03-20 11:45:00,87,173
2025-03-20 12:00:00,100,181
2025-03-20 12:15:00,84,183
2025-03-20 12:30:00,100,172
2025-03-20 12:45:00,97,174
2025-03-20 13:00:00,73,178
2025-03-20 13:15:00,65,196
2025-03-20 13:30:00,75,196
2025-03-20 13:45:00,73,188
2025-03-20 14:00:00,100,183
2025-03-20 14:15:00,92,196
2025-03-20 14:30:00,65,199
2025-03-20 14:45:00,100,198
2025-03-20 15:00:00,100,200
2025-03-20 15:15:00,65,195
2025-03-20 15:30:00,70,195
2025-03-20 15:45:00,99,197
2025-03-20 16:00:00,65,200
2025-03-20 16:15:00,68,189
2025-03-20 16:30:00,100,196
2025-03-20 16:45:00,63,191
2025-03-20 17:00:00,97,200
2025-03-20 17:15:00,100,199
2025-03-20 17:30:00,100,188
2025-03-20 17:45:00,100,185
2025-03-20 18:00:00,64,198
2025-03-20 18:15:00,100,190
2025-03-20 18:30:00,100,195
2025-03-20 18:45:00,64,178
2025-03-20 19:00:00,77,180
2025-03-20 19:15:00,87,184
2025-03-20 19:30:00,100,183
2025-03-20 19:45:00,69,186
2025-03-20 20:00:00,92,181
2025-03-20 20:15:00,100,175
2025-03-20 20:30:00,88,167
2025-03-20 20:45:00,100,169
2025-03-20 21:00:00,86,168
2025-03-20 21:15:00,100,158
2025-03-20 21:30:00,50,161
2025-03-20 21:45:00,50,148
2025-03-20 22:00:00,50,141
2025-03-20 22:15:00,55,145
2025-03-20 22:30:00,50,146
2025-03-20 22:45:00,100,134
2025-03-20 23:00:00,52,134
2025-03-20 23:15:00,50,139
2025-03-20 23:30:00,100,124
2025-03-20 23:45:00,50,122
2025-03-21 00:00:00,78,118
2025-03-21 00:15:00,50,125
2025-03-21 00:30:00,97,116
2025-03-21 00:45:00,76,111
2025-03-21 01:00:00,50,114
2025-03-21 01:15:00,50,111
2025-03-21 01:30:00,50,105
2025-03-21 01:45:00,50,106
2025-03-21 02:00:00,58,104
2025-03-21 02:15:00,50,102
2025-03-21 02:30:00,58,101
2025-03-21 02:45:00,57,106
2025-03-21 03:00:00,84,100
2025-03-21 03:15:00,50,110
2025-03-21 03:30:00,85,100
2025-03-21 03:45:00,50,103
2025-03-21 04:00:00,50,102
2025-03-21 04:15:00,50,100
2025-03-21 04:30:00,50,105
2025-03-21 04:45:00,80,100
2025-03-21 05:00:00,50,110
2025-03-21 05:15:00,50,100
2025-03-21 05:30:00,50,100
2025-03-21 05:45:00,91,100
2025-03-21 06:00:00,50,113
2025-03-21 06:15:00,50,107
2025-03-21 06:30:00,77,115
2025-03-21 06:45:00,50,122
2025-03-21 07:00:00,77,113
2025-03-21 07:15:00,50,125
2025-03-21 07:30:00,50,111
2025-03-21 07:45:00,71,126
2025-03-21 08:00:00,81,129
2025-03-21 08:15:00,68,119
2025-03-21 08:30:00,50,138
2025-03-21 08:45:00,100,127
2025-03-21 09:00:00,96,134
2025-03-21 09:15:00,98,149
2025-03-21 09:30:00,89,135
2025-03-21 09:45:00,62,144
2025-03-21 10:00:00,51,155
2025-03-21 10:15:00,83,143
2025-03-21 10:30:00,50,162
2025-03-21 10:45:00,68,166
2025-03-21 11:00:00,99,168
2025-03-21 11:15:00,89,168
2025-03-21 11:30:00,50,176
2025-03-21 11:45:00,100,176
2025-03-21 12:00:00,50,182
2025-03-21 12:15:00,70,172
2025-03-21 12:30:00,100,177
2025-03-21 12:45:00,100,174
2025-03-21 13:00:00,88,175
2025-03-21 13:15:00,69,195
2025-03-21 13:30:00,82,187
2025-03-21 13:45:00,92,191
2025-03-21 14:00:00,100,189
2025-03-21 14:15:00,100,191
2025-03-21 14:30:00,63,200
2025-03-21 14:45:00,60,200
2025-03-21 15:00:00,100,200
2025-03-21 15:15:00,93,199
2025-03-21 15:30:00,100,193
2025-03-21 15:45:00,100,196
2025-03-21 16:00:00,100,200
2025-03-21 16:15:00,62,193
2025-03-21 16:30:00,99,200
2025-03-21 16:45:00,95,200
2025-03-21 17:00:00,98,200
2025-03-21 17:15:00,100,198
2025-03-21 17:30:00,70,200
2025-03-21 17:45:00,62,187
2025-03-21 18:00:00,100,190
2025-03-21 18:15:00,66,197
2025-03-21 18:30:00,82,187
2025-03-21 18:45:00,100,189
2025-03-21 19:00:00,100,182
2025-03-21 19:15:00,67,179
2025-03-21 19:30:00,63,173
2025-03-21 19:45:00,58,183
2025-03-21 20:00:00,61,183
2025-03-21 20:15:00,81,167
2025-03-21 20:30:00,58,159
2025-03-21 20:45:00,100,161
2025-03-21 21:00:00,100,157
2025-03-21 21:15:00,91,169
2025-03-21 21:30:00,67,154
2025-03-21 21:45:00,86,163
2025-03-21 22:00:00,50,158
2025-03-21 22:15:00,94,145
2025-03-21 22:30:00,55,144
2025-03-21 22:45:00,50,131
2025-03-21 23:00:00,94,129
2025-03-21 23:15:00,55,125
2025-03-21 23:30:00,50,132
2025-03-21 23:45:00,85,129
2025-03-22 00:00:00,53,115
2025-03-22 00:15:00,50,129
2025-03-22 00:30:00,86,116
2025-03-22 00:45:00,70,123
2025-03-22 01:00:00,61,105
2025-03-22 01:15:00,70,111
2025-03-22 01:30:00,87,114
2025-03-22 01:45:00,72,113
2025-03-22 02:00:00,50,106
2025-03-22 02:15:00,69,110
2025-03-22 02:30:00,50,100
2025-03-22 02:45:00,90,106
2025-03-22 03:00:00,50,111
2025-03-22 03:15:00,50,100
2025-03-22 03:30:00,50,106
2025-03-22 03:45:00,50,101
2025-03-22 04:00:00,50,109
2025-03-22 04:15:00,55,108
2025-03-22 04:30:00,55,100
2025-03-22 04:45:00,50,100
2025-03-22 05:00:00,50,100
2025-03-22 05:15:00,78,106
2025-03-22 05:30:00,50,100
2025-03-22 05:45:00,61,105
2025-03-22 06:00:00,79,100
2025-03-22 06:15:00,50,115
2025-03-22 06:30:00,69,104
2025-03-22 06:45:00,50,113
2025-03-22 07:00:00,68,120
2025-03-22 07:15:00,52,120
2025-03-22 07:30:00,90,112
2025-03-22 07:45:00,50,125
2025-03-22 08:00:00,81,118
2025-03-22 08:15:00,95,130
2025-03-22 08:30:00,72,137
2025-03-22 08:45:00,87,128
2025-03-22 09:00:00,50,142
2025-03-22 09:15:00,85,149
2025-03-22 09:30:00,50,135
2025-03-22 09:45:00,71,140
2025-03-22 10:00:00,100,154
2025-03-22 10:15:00,74,161
2025-03-22 10:30:00,100,162
2025-03-22 10:45:00,77,155
2025-03-22 11:00:00,55,154
2025-03-22 11:15:00,100,161
2025-03-22 11:30:00,100,173
2025-03-22 11:45:00,74,165
2025-03-22 12:00:00,71,176
2025-03-22 12:15:00,100,173
2025-03-22 12:30:00,80,175
2025-03-22 12:45:00,100,181
2025-03-22 13:00:00,100,195
2025-03-22 13:15:00,89,190
2025-03-22 13:30:00,100,185
2025-03-22 13:45:00,100,183
2025-03-22 14:00:00,85,189
2025-03-22 14:15:00,70,200
2025-03-22 14:30:00,80,192
2025-03-22 14:45:00,100,200
2025-03-22 15:00:00,90,200
2025-03-22 15:15:00,64,196
2025-03-22 15:30:00,81,200
2025-03-22 15:45:00,100,200
2025-03-22 16:00:00,85,200
2025-03-22 16:15:00,95,200
2025-03-22 16:30:00,69,200
2025-03-22 16:45:00,100,193
2025-03-22 17:00:00,100,190
2025-03-22 17:15:00,100,200
2025-03-22 17:30:00,100,196
2025-03-22 17:45:00,86,195
2025-03-22 18:00:00,94,194
2025-03-22 18:15:00,94,187
2025-03-22 18:30:00,68,198
2025-03-22 18:45:00,100,182
2025-03-22 19:00:00,75,184
2025-03-22 19:15:00,60,191
2025-03-22 19:30:00,61,187
2025-03-22 19:45:00,55,179
2025-03-22 20:00:00,63,173
2025-03-22 20:15:00,98,170
2025-03-22 20:30:00,76,160
2025-03-22 20:45:00,50,169
2025-03-22 21:00:00,98,172
2025-03-22 21:15:00,56,153
2025-03-22 21:30:00,100,164
2025-03-22 21:45:00,69,153
2025-03-22 22:00:00,100,151
2025-03-22 22:15:00,100,155
2025-03-22 22:30:00,50,141
2025-03-22 22:45:00,73,140
2025-03-22 23:00:00,50,128
2025-03-22 23:15:00,54,131
2025-03-22 23:30:00,59,139
2025-03-22 23:45:00,72,123
2025-03-23 00:00:00,64,117
2025-03-23 00:15:00,50,124
2025-03-23 00:30:00,50,126
2025-03-23 00:45:00,82,113
2025-03-23 01:00:00,50,116
2025-03-23 01:15:00,50,115
2025-03-23 01:30:00,50,110
2025-03-23 01:45:00,50,117
2025-03-23 02:00:00,50,107
2025-03-23 02:15:00,50,107
2025-03-23 02:30:00,50,101
2025-03-23 02:45:00,81,106
2025-03-23 03:00:00,73,100
2025-03-23 03:15:00,50,102
2025-03-23 03:30:00,50,100
2025-03-23 03:45:00,50,100
2025-03-23 04:00:00,50,104
2025-03-23 04:15:00,50,100
2025-03-23 04:30:00,69,105
2025-03-23 04:45:00,75,100
2025-03-23 05:00:00,80,102
2025-03-23 05:15:00,50,107
2025-03-23 05:30:00,87,112
2025-03-23 05:45:00,50,108
2025-03-23 06:00:00,65,104
2025-03-23 06:15:00,50,100
2025-03-23 06:30:00,85,115
2025-03-23 06:45:00,50,117
2025-03-23 07:00:00,90,107
2025-03-23 07:15:00,53,108
2025-03-23 07:30:00,96,124
2025-03-23 07:45:00,50,120
2025-03-23 08:00:00,69,119
2025-03-23 08:15:00,50,121
2025-03-23 08:30:00,50,138
2025-03-23 08:45:00,50,127
2025-03-23 09:00:00,59,127
2025-03-23 09:15:00,87,146
2025-03-23 09:30:00,50,133
2025-03-23 09:45:00,50,142
2025-03-23 10:00:00,50,159
2025-03-23 10:15:00,53,148
2025-03-23 10:30:00,85,153
2025-03-23 10:45:00,100,165
2025-03-23 11:00:00,52,157
2025-03-23 11:15:00,65,169
2025-03-23 11:30:00,100,169
2025-03-23 11:45:00,81,173
2025-03-23 12:00:00,50,176
2025-03-23 12:15:00,100,174
2025-03-23 12:30:00,98,173
2025-03-23 12:45:00,70,187
2025-03-23 13:00:00,68,189
2025-03-23 13:15:00,76,178
2025-03-23 13:30:00,100,180
2025-03-23 13:45:00,100,200
2025-03-23 14:00:00,70,187
2025-03-23 14:15:00,100,200
2025-03-23 14:30:00,92,192
2025-03-23 14:45:00,100,191
2025-03-23 15:00:00,80,194
2025-03-23 15:15:00,100,189
2025-03-23 15:30:00,63,200
2025-03-23 15:45:00,100,200
2025-03-23 16:00:00,82,192
2025-03-23 16:15:00,100,189
2025-03-23 16:30:00,96,200
2025-03-23 16:45:00,83,200
2025-03-23 17:00:00,100,188
2025-03-23 17:15:00,100,200
2025-03-23 17:30:00,100,198
2025-03-23 17:45:00,100,196
2025-03-23 18:00:00,86,184
2025-03-23 18:15:00,85,185
2025-03-23 18:30:00,61,197
2025-03-23 18:45:00,100,192
2025-03-23 19:00:00,100,185
2025-03-23 19:15:00,100,188
2025-03-23 19:30:00,100,188
2025-03-23 19:45:00,100,184
2025-03-23 20:00:00,100,177
2025-03-23 20:15:00,56,179
2025-03-23 20:30:00,100,178
2025-03-23 20:45:00,87,159
2025-03-23 21:00:00,100,165
2025-03-23 21:15:00,96,152
2025-03-23 21:30:00,100,151
2025-03-23 21:45:00,57,160
2025-03-23 22:00:00,95,152
2025-03-23 22:15:00,89,144
2025-03-23 22:30:00,85,148
2025-03-23 22:45:00,71,131
2025-03-23 23:00:00,76,136
2025-03-23 23:15:00,61,124
2025-03-23 23:30:00,50,127
2025-03-23 23:45:00,50,123
2025-03-24 00:00:00,63,115
2025-03-24 00:15:00,60,121
2025-03-24 00:30:00,88,112
2025-03-24 00:45:00,50,124
2025-03-24 01:00:00,50,104
2025-03-24 01:15:00,52,106
2025-03-24 01:30:00,50,109
2025-03-24 01:45:00,50,103
2025-03-24 02:00:00,50,108
2025-03-24 02:15:00,50,114
2025-03-24 02:30:00,64,106
2025-03-24 02:45:00,50,110
2025-03-24 03:00:00,65,104
2025-03-24 03:15:00,78,104
2025-03-24 03:30:00,68,100
2025-03-24 03:45:00,59,102
2025-03-24 04:00:00,50,100
2025-03-24 04:15:00,83,100
2025-03-24 04:30:00,54,100
2025-03-24 04:45:00,50,100
2025-03-24 05:00:00,61,103
2025-03-24 05:15:00,50,100
2025-03-24 05:30:00,50,100
2025-03-24 05:45:00,65,107
2025-03-24 06:00:00,50,101
2025-03-24 06:15:00,50,101
2025-03-24 06:30:00,50,100
2025-03-24 06:45:00,57,117
2025-03-24 07:00:00,50,110
2025-03-24 07:15:00,50,107
2025-03-24 07:30:00,62,121
2025-03-24 07:45:00,62,121
2025-03-24 08:00:00,90,126
2025-03-24 08:15:00,64,137
2025-03-24 08:30:00,96,131
2025-03-24 08:45:00,50,127
2025-03-24 09:00:00,55,146
2025-03-24 09:15:00,50,142
2025-03-24 09:30:00,50,150
2025-03-24 09:45:00,64,139
2025-03-24 10:00:00,68,156
2025-03-24 10:15:00,70,151
2025-03-24 10:30:00,100,161
2025-03-24 10:45:00,100,168
2025-03-24 11:00:00,50,170
2025-03-24 11:15:00,70,169
2025-03-24 11:30:00,100,170
2025-03-24 11:45:00,100,164
2025-03-24 12:00:00,100,171
2025-03-24 12:15:00,100,175
2025-03-24 12:30:00,100,179
2025-03-24 12:45:00,71,184
2025-03-24 13:00:00,61,187
2025-03-24 13:15:00,100,182
2025-03-24 13:30:00,100,183
2025-03-24 13:45:00,76,191
2025-03-24 14:00:00,94,186
2025-03-24 14:15:00,100,200
2025-03-24 14:30:00,98,194
2025-03-24 14:45:00,100,194
2025-03-24 15:00:00,100,200
2025-03-24 15:15:00,100,200
2025-03-24 15:30:00,100,200
2025-03-24 15:45:00,66,194
2025-03-24 16:00:00,72,199
2025-03-24 16:15:00,91,200
2025-03-24 16:30:00,91,200
2025-03-24 16:45:00,63,192
2025-03-24 17:00:00,100,200
2025-03-24 17:15:00,100,189
2025-03-24 17:30:00,100,200
2025-03-24 17:45:00,100,200
2025-03-24 18:00:00,61,199
2025-03-24 18:15:00,100,182
2025-03-24 18:30:00,100,193
2025-03-24 18:45:00,100,182
2025-03-24 19:00:00,100,186
2025-03-24 19:15:00,58,175
2025-03-24 19:30:00,100,189
2025-03-24 19:45:00,84,174
2025-03-24 20:00:00,98,179
2025-03-24 20:15:00,69,175
2025-03-24 20:30:00,52,165
2025-03-24 20:45:00,90,165
2025-03-24 21:00:00,98,164
2025-03-24 21:15:00,50,155
2025-03-24 21:30:00,61,158
2025-03-24 21:45:00,78,146
2025-03-24 22:00:00,95,154
2025-03-24 22:15:00,100,152
2025-03-24 22:30:00,63,150
2025-03-24 22:45:00,50,135
2025-03-24 23:00:00,50,130
2025-03-24 23:15:00,71,143
2025-03-24 23:30:00,75,132
2025-03-24 23:45:00,51,121
2025-03-25 00:00:00,50,122
2025-03-25 00:15:00,77,129
2025-03-25 00:30:00,50,123
2025-03-25 00:45:00,50,121
2025-03-25 01:00:00,50,120
2025-03-25 01:15:00,79,120
2025-03-25 01:30:00,66,101
2025-03-25 01:45:00,78,108
2025-03-25 02:00:00,87,108
2025-03-25 02:15:00,75,113
2025-03-25 02:30:00,50,111
2025-03-25 02:45:00,64,100
2025-03-25 03:00:00,81,100
2025-03-25 03:15:00,50,101
2025-03-25 03:30:00,50,107
2025-03-25 03:45:00,50,100
2025-03-25 04:00:00,70,100
2025-03-25 04:15:00,50,107
2025-03-25 04:30:00,54,106
2025-03-25 04:45:00,66,110
2025-03-25 05:00:00,55,104
2025-03-25 05:15:00,50,111
2025-03-25 05:30:00,60,105
2025-03-25 05:45:00,50,105
2025-03-25 06:00:00,50,106
2025-03-25 06:15:00,77,115
2025-03-25 06:30:00,70,113
2025-03-25 06:45:00,83,118
2025-03-25 07:00:00,67,116
2025-03-25 07:15:00,50,107
2025-03-25 07:30:00,50,120
2025-03-25 07:45:00,100,131
2025-03-25 08:00:00,50,120
2025-03-25 08:15:00,97,123
2025-03-25 08:30:00,50,127
2025-03-25 08:45:00,67,129
2025-03-25 09:00:00,50,130
2025-03-25 09:15:00,99,144
2025-03-25 09:30:00,50,143
2025-03-25 09:45:00,92,141
2025-03-25 10:00:00,94,141
2025-03-25 10:15:00,50,160
2025-03-25 10:30:00,61,158
2025-03-25 10:45:00,100,162
2025-03-25 11:00:00,60,164
2025-03-25 11:15:00,50,173
2025-03-25 11:30:00,100,165
2025-03-25 11:45:00,100,178
2025-03-25 12:00:00,58,169
2025-03-25 12:15:00,100,179
2025-03-25 12:30:00,57,178
2025-03-25 12:45:00,100,185
2025-03-25 13:00:00,100,186
2025-03-25 13:15:00,100,196
2025-03-25 13:30:00,100,197
2025-03-25 13:45:00,100,192
2025-03-25 14:00:00,100,188
2025-03-25 14:15:00,95,193
2025-03-25 14:30:00,100,195
2025-03-25 14:45:00,100,198
2025-03-25 15:00:00,77,200
2025-03-25 15:15:00,100,194
2025-03-25 15:30:00,100,191
2025-03-25 15:45:00,100,197
2025-03-25 16:00:00,93,199
2025-03-25 16:15:00,100,200
2025-03-25 16:30:00,100,190
2025-03-25 16:45:00,100,200
2025-03-25 17:00:00,67,200
2025-03-25 17:15:00,99,199
2025-03-25 17:30:00,63,200
2025-03-25 17:45:00,100,200
2025-03-25 18:00:00,71,190
2025-03-25 18:15:00,100,191
2025-03-25 18:30:00,61,183
2025-03-25 18:45:00,92,183
2025-03-25 19:00:00,83,184
2025-03-25 19:15:00,100,174
2025-03-25 19:30:00,100,176
2025-03-25 19:45:00,100,181
2025-03-25 20:00:00,100,179
2025-03-25 20:15:00,92,175
2025-03-25 20:30:00,100,172
2025-03-25 20:45:00,59,173
2025-03-25 21:00:00,75,159
2025-03-25 21:15:00,88,153
2025-03-25 21:30:00,92,161
2025-03-25 21:45:00,78,159
2025-03-25 22:00:00,99,153
2025-03-25 22:15:00,89,152
2025-03-25 22:30:00,99,137
2025-03-25 22:45:00,50,136
2025-03-25 23:00:00,99,132
2025-03-25 23:15:00,50,129
2025-03-25 23:30:00,86,139
2025-03-25 23:45:00,100,125
2025-03-26 00:00:00,99,129
2025-03-26 00:15:00,62,119
2025-03-26 00:30:00,53,127
2025-03-26 00:45:00,82,125
2025-03-26 01:00:00,50,108
2025-03-26 01:15:00,53,121
2025-03-26 01:30:00,74,117
2025-03-26 01:45:00,84,104
2025-03-26 02:00:00,50,102
2025-03-26 02:15:00,50,110
2025-03-26 02:30:00,50,100
2025-03-26 02:45:00,69,102
2025-03-26 03:00:00,50,100
2025-03-26 03:15:00,50,100
2025-03-26 03:30:00,50,106
2025-03-26 03:45:00,50,100
2025-03-26 04:00:00,65,100
2025-03-26 04:15:00,86,104
2025-03-26 04:30:00,50,101
2025-03-26 04:45:00,88,108
2025-03-26 05:00:00,50,106
2025-03-26 05:15:00,50,107
2025-03-26 05:30:00,50,100
2025-03-26 05:45:00,53,100
2025-03-26 06:00:00,83,104
2025-03-26 06:15:00,50,116
2025-03-26 06:30:00,52,113
2025-03-26 06:45:00,50,120
2025-03-26 07:00:00,84,119
2025-03-26 07:15:00,50,125
2025-03-26 07:30:00,50,126
2025-03-26 07:45:00,100,113
2025-03-26 08:00:00,65,116
2025-03-26 08:15:00,71,134
2025-03-26 08:30:00,89,122
2025-03-26 08:45:00,83,126
2025-03-26 09:00:00,88,132
2025-03-26 09:15:00,95,134
2025-03-26 09:30:00,100,140
2025-03-26 09:45:00,95,147
2025-03-26 10:00:00,80,143
2025-03-26 10:15:00,89,163
2025-03-26 10:30:00,71,154
2025-03-26 10:45:00,100,157
2025-03-26 11:00:00,79,162
2025-03-26 11:15:00,50,174
2025-03-26 11:30:00,93,172
2025-03-26 11:45:00,50,163
2025-03-26 12:00:00,51,173
2025-03-26 12:15:00,52,169
2025-03-26 12:30:00,94,187
2025-03-26 12:45:00,100,190
2025-03-26 13:00:00,100,178
2025-03-26 13:15:00,100,181
2025-03-26 13:30:00,100,196
2025-03-26 13:45:00,61,190
2025-03-26 14:00:00,58,196
2025-03-26 14:15:00,76,189
2025-03-26 14:30:00,100,195
2025-03-26 14:45:00,79,200
2025-03-26 15:00:00,100,192
2025-03-26 15:15:00,100,194
2025-03-26 15:30:00,84,193
2025-03-26 15:45:00,100,200
2025-03-26 16:00:00,100,200
2025-03-26 16:15:00,100,196
2025-03-26 16:30:00,100,200
2025-03-26 16:45:00,100,189
2025-03-26 17:00:00,100,200
2025-03-26 17:15:00,100,197
2025-03-26 17:30:00,100,200
2025-03-26 17:45:00,63,200
2025-03-26 18:00:00,69,200
2025-03-26 18:15:00,100,184
2025-03-26 18:30:00,67,182
2025-03-26 18:45:00,61,181
2025-03-26 19:00:00,77,189
2025-03-26 19:15:00,90,186
2025-03-26 19:30:00,90,189
2025-03-26 19:45:00,100,176
2025-03-26 20:00:00,86,177
2025-03-26 20:15:00,100,170
2025-03-26 20:30:00,88,165
2025-03-26 20:45:00,61,175
2025-03-26 21:00:00,50,169
2025-03-26 21:15:00,100,155
2025-03-26 21:30:00,62,150
2025-03-26 21:45:00,62,157
2025-03-26 22:00:00,97,147
2025-03-26 22:15:00,93,150
2025-03-26 22:30:00,73,137
2025-03-26 22:45:00,97,134
2025-03-26 23:00:00,50,135
2025-03-26 23:15:00,87,135
2025-03-26 23:30:00,75,138
2025-03-26 23:45:00,61,126
2025-03-27 00:00:00,54,118
2025-03-27 00:15:00,54,116
2025-03-27 00:30:00,72,113
2025-03-27 00:45:00,55,109
2025-03-27 01:00:00,50,123
2025-03-27 01:15:00,50,106
2025-03-27 01:30:00,94,112
2025-03-27 01:45:00,77,110
2025-03-27 02:00:00,50,100
2025-03-27 02:15:00,50,105
2025-03-27 02:30:00,70,100
2025-03-27 02:45:00,50,102
2025-03-27 03:00:00,50,110
2025-03-27 03:15:00,50,100
2025-03-27 03:30:00,50,108
2025-03-27 03:45:00,50,100
2025-03-27 04:00:00,55,104
2025-03-27 04:15:00,84,100
2025-03-27 04:30:00,50,100
2025-03-27 04:45:00,51,102
2025-03-27 05:00:00,50,110
2025-03-27 05:15:00,50,101
2025-03-27 05:30:00,81,102
2025-03-27 05:45:00,77,100
2025-03-27 06:00:00,79,100
2025-03-27 06:15:00,50,111
2025-03-27 06:30:00,50,103
2025-03-27 06:45:00,85,103
2025-03-27 07:00:00,61,122
2025-03-27 07:15:00,89,114
2025-03-27 07:30:00,52,110
2025-03-27 07:45:00,67,128
2025-03-27 08:00:00,50,132
2025-03-27 08:15:00,50,122
2025-03-27 08:30:00,50,135
2025-03-27 08:45:00,50,130
2025-03-27 09:00:00,78,128
2025-03-27 09:15:00,86,131
2025-03-27 09:30:00,94,142
2025-03-27 09:45:00,71,144
2025-03-27 10:00:00,100,146
2025-03-27 10:15:00,73,152
2025-03-27 10:30:00,100,161
2025-03-27 10:45:00,95,152
2025-03-27 11:00:00,88,167
2025-03-27 11:15:00,52,157
2025-03-27 11:30:00,100,163
2025-03-27 11:45:00,61,178
2025-03-27 12:00:00,93,173
2025-03-27 12:15:00,98,168
2025-03-27 12:30:00,100,183
2025-03-27 12:45:00,100,176
2025-03-27 13:00:00,78,179
2025-03-27 13:15:00,90,185
2025-03-27 13:30:00,97,195
2025-03-27 13:45:00,90,199
2025-03-27 14:00:00,71,185
2025-03-27 14:15:00,100,188
2025-03-27 14:30:00,100,196
2025-03-27 14:45:00,100,193
2025-03-27 15:00:00,100,190
2025-03-27 15:15:00,100,200
2025-03-27 15:30:00,100,200
2025-03-27 15:45:00,95,200
2025-03-27 16:00:00,80,199
2025-03-27 16:15:00,100,190
2025-03-27 16:30:00,100,197
2025-03-27 16:45:00,76,195
2025-03-27 17:00:00,100,200
2025-03-27 17:15:00,63,199
2025-03-27 17:30:00,100,200
2025-03-27 17:45:00,64,188
2025-03-27 18:00:00,85,186
2025-03-27 18:15:00,73,182
2025-03-27 18:30:00,59,182
2025-03-27 18:45:00,99,182
2025-03-27 19:00:00,54,191
2025-03-27 19:15:00,100,174
2025-03-27 19:30:00,94,181
2025-03-27 19:45:00,64,169
2025-03-27 20:00:00,100,171
2025-03-27 20:15:00,54,163
2025-03-27 20:30:00,50,164
2025-03-27 20:45:00,100,166
2025-03-27 21:00:00,74,164
2025-03-27 21:15:00,52,162
2025-03-27 21:30:00,75,158
2025-03-27 21:45:00,50,159
2025-03-27 22:00:00,100,143
2025-03-27 22:15:00,56,155
2025-03-27 22:30:00,62,147
2025-03-27 22:45:00,50,137
2025-03-27 23:00:00,86,129
2025-03-27 23:15:00,81,141
2025-03-27 23:30:00,84,128
2025-03-27 23:45:00,50,137
2025-03-28 00:00:00,50,117
2025-03-28 00:15:00,56,128
2025-03-28 00:30:00,50,119
2025-03-28 00:45:00,50,120
2025-03-28 01:00:00,70,112
2025-03-28 01:15:00,83,113
2025-03-28 01:30:00,91,112
2025-03-28 01:45:00,50,110
2025-03-28 02:00:00,58,111
2025-03-28 02:15:00,50,102
2025-03-28 02:30:00,50,100
2025-03-28 02:45:00,50,103
2025-03-28 03:00:00,55,100
2025-03-28 03:15:00,50,103
2025-03-28 03:30:00,50,100
2025-03-28 03:45:00,50,106
2025-03-28 04:00:00,50,103
2025-03-28 04:15:00,50,100
2025-03-28 04:30:00,50,100
2025-03-28 04:45:00,50,107
2025-03-28 05:00:00,67,100
2025-03-28 05:15:00,50,108
2025-03-28 05:30:00,73,100
2025-03-28 05:45:00,76,100
2025-03-28 06:00:00,50,111
2025-03-28 06:15:00,93,101
2025-03-28 06:30:00,67,120
2025-03-28 06:45:00,50,116
2025-03-28 07:00:00,58,113
2025-03-28 07:15:00,50,111
2025-03-28 07:30:00,56,118
2025-03-28 07:45:00,50,116
2025-03-28 08:00:00,90,119
2025-03-28 08:15:00,60,127
2025-03-28 08:30:00,54,121
2025-03-28 08:45:00,51,139
2025-03-28 09:00:00,50,144
2025-03-28 09:15:00,50,141
2025-03-28 09:30:00,88,137
2025-03-28 09:45:00,50,151
2025-03-28 10:00:00,50,140
2025-03-28 10:15:00,68,158
2025-03-28 10:30:00,66,159
2025-03-28 10:45:00,83,158
2025-03-28 11:00:00,89,157
2025-03-28 11:15:00,76,171
2025-03-28 11:30:00,88,175
2025-03-28 11:45:00,72,165
2025-03-28 12:00:00,70,168
2025-03-28 12:15:00,100,183
2025-03-28 12:30:00,100,189
2025-03-28 12:45:00,88,178
2025-03-28 13:00:00,100,192
2025-03-28 13:15:00,99,180
2025-03-28 13:30:00,100,185
2025-03-28 13:45:00,100,189
2025-03-28 14:00:00,100,195
2025-03-28 14:15:00,92,187
2025-03-28 14:30:00,100,200
2025-03-28 14:45:00,100,200
2025-03-28 15:00:00,100,200
2025-03-28 15:15:00,61,200
2025-03-28 15:30:00,78,199
2025-03-28 15:45:00,81,197
2025-03-28 16:00:00,69,190
2025-03-28 16:15:00,61,195
2025-03-28 16:30:00,93,189
2025-03-28 16:45:00,100,191
2025-03-28 17:00:00,100,193
2025-03-28 17:15:00,76,191
2025-03-28 17:30:00,100,190
2025-03-28 17:45:00,100,200
2025-03-28 18:00:00,83,188
2025-03-28 18:15:00,80,188
2025-03-28 18:30:00,96,199
2025-03-28 18:45:00,59,190
2025-03-28 19:00:00,100,180
2025-03-28 19:15:00,100,192
2025-03-28 19:30:00,100,174
2025-03-28 19:45:00,87,178
2025-03-28 20:00:00,51,178
2025-03-28 20:15:00,100,172
2025-03-28 20:30:00,72,168
2025-03-28 20:45:00,50,167
2025-03-28 21:00:00,95,154
2025-03-28 21:15:00,100,168
2025-03-28 21:30:00,63,161
2025-03-28 21:45:00,78,143
2025-03-28 22:00:00,100,143
2025-03-28 22:15:00,50,141
2025-03-28 22:30:00,84,152
2025-03-28 22:45:00,100,136
2025-03-28 23:00:00,79,143
2025-03-28 23:15:00,72,143
2025-03-28 23:30:00,50,121
2025-03-28 23:45:00,84,125
2025-03-29 00:00:00,83,126
2025-03-29 00:15:00,92,113
2025-03-29 00:30:00,78,111
2025-03-29 00:45:00,78,111
2025-03-29 01:00:00,78,118
2025-03-29 01:15:00,50,114
2025-03-29 01:30:00,54,100
2025-03-29 01:45:00,93,100
2025-03-29 02:00:00,50,113
2025-03-29 02:15:00,74,113
2025-03-29 02:30:00,64,110
2025-03-29 02:45:00,87,102
2025-03-29 03:00:00,50,111
2025-03-29 03:15:00,81,107
2025-03-29 03:30:00,89,101
2025-03-29 03:45:00,50,108
2025-03-29 04:00:00,59,100
2025-03-29 04:15:00,50,107
2025-03-29 04:30:00,50,100
2025-03-29 04:45:00,86,103
2025-03-29 05:00:00,50,100
2025-03-29 05:15:00,63,100
2025-03-29 05:30:00,50,100
2025-03-29 05:45:00,50,100
2025-03-29 06:00:00,50,116
2025-03-29 06:15:00,70,100
2025-03-29 06:30:00,50,106
2025-03-29 06:45:00,89,120
2025-03-29 07:00:00,50,109
2025-03-29 07:15:00,50,115
2025-03-29 07:30:00,50,123
2025-03-29 07:45:00,72,128
2025-03-29 08:00:00,84,120
2025-03-29 08:15:00,82,128
2025-03-29 08:30:00,50,134
2025-03-29 08:45:00,78,133
2025-03-29 09:00:00,73,133
2025-03-29 09:15:00,100,143
2025-03-29 09:30:00,100,146
2025-03-29 09:45:00,53,144
2025-03-29 10:00:00,61,153
2025-03-29 10:15:00,50,155
2025-03-29 10:30:00,92,156
2025-03-29 10:45:00,69,168
2025-03-29 11:00:00,75,166
2025-03-29 11:15:00,63,165
2025-03-29 11:30:00,99,171
2025-03-29 11:45:00,63,169
2025-03-29 12:00:00,84,176
2025-03-29 12:15:00,90,180
2025-03-29 12:30:00,89,187
2025-03-29 12:45:00,53,190
2025-03-29 13:00:00,100,185
2025-03-29 13:15:00,100,186
2025-03-29 13:30:00,81,198
2025-03-29 13:45:00,100,181
2025-03-29 14:00:00,100,196
2025-03-29 14:15:00,100,200
2025-03-29 14:30:00,100,189
2025-03-29 14:45:00,100,189
2025-03-29 15:00:00,74,200
2025-03-29 15:15:00,100,200
2025-03-29 15:30:00,100,200
2025-03-29 15:45:00,100,200
2025-03-29 16:00:00,100,198
2025-03-29 16:15:00,93,197
2025-03-29 16:30:00,77,198
2025-03-29 16:45:00,100,193
2025-03-29 17:00:00,100,200
2025-03-29 17:15:00,100,200
2025-03-29 17:30:00,100,194
2025-03-29 17:45:00,100,198
2025-03-29 18:00:00,71,189
2025-03-29 18:15:00,100,188
2025-03-29 18:30:00,100,197
2025-03-29 18:45:00,100,184
2025-03-29 19:00:00,100,188
2025-03-29 19:15:00,77,192
2025-03-29 19:30:00,100,171
2025-03-29 19:45:00,87,183
2025-03-29 20:00:00,100,176
2025-03-29 20:15:00,60,169
2025-03-29 20:30:00,94,162
2025-03-29 20:45:00,50,159
2025-03-29 21:00:00,85,170
2025-03-29 21:15:00,100,163
2025-03-29 21:30:00,68,154
2025-03-29 21:45:00,64,158
2025-03-29 22:00:00,87,156
2025-03-29 22:15:00,72,152
2025-03-29 22:30:00,95,148
2025-03-29 22:45:00,95,147
2025-03-29 23:00:00,97,128
2025-03-29 23:15:00,72,124
2025-03-29 23:30:00,90,140
2025-03-29 23:45:00,50,128
2025-03-30 00:00:00,50,116
2025-03-30 00:15:00,51,124
2025-03-30 00:30:00,70,112
2025-03-30 00:45:00,73,109
2025-03-30 01:00:00,73,117
2025-03-30 01:15:00,50,105
2025-03-30 01:30:00,69,112
2025-03-30 01:45:00,55,116
2025-03-30 02:00:00,71,100
2025-03-30 02:15:00,62,114
2025-03-30 02:30:00,78,108
2025-03-30 02:45:00,50,107
2025-03-30 03:00:00,65,100
2025-03-30 03:15:00,50,100
2025-03-30 03:30:00,68,100
2025-03-30 03:45:00,76,100
2025-03-30 04:00:00,75,100
2025-03-30 04:15:00,84,100
2025-03-30 04:30:00,50,100
2025-03-30 04:45:00,50,102
2025-03-30 05:00:00,83,108
2025-03-30 05:15:00,70,108
2025-03-30 05:30:00,74,100
2025-03-30 05:45:00,90,101
2025-03-30 06:00:00,86,111
2025-03-30 06:15:00,50,110
2025-03-30 06:30:00,50,111
2025-03-30 06:45:00,50,118
2025-03-30 07:00:00,50,113
2025-03-30 07:15:00,59,118
2025-03-30 07:30:00,76,122
2025-03-30 07:45:00,71,122
2025-03-30 08:00:00,50,132
2025-03-30 08:15:00,50,127
2025-03-30 08:30:00,77,133
2025-03-30 08:45:00,50,124
2025-03-30 09:00:00,99,129
2025-03-30 09:15:00,100,139
2025-03-30 09:30:00,69,140
2025-03-30 09:45:00,89,143
2025-03-30 10:00:00,100,151
2025-03-30 10:15:00,79,151
2025-03-30 10:30:00,90,161
2025-03-30 10:45:00,100,161
2025-03-30 11:00:00,77,157
2025-03-30 11:15:00,100,170
2025-03-30 11:30:00,78,178
2025-03-30 11:45:00,100,163
2025-03-30 12:00:00,90,166
2025-03-30 12:15:00,100,169
2025-03-30 12:30:00,100,173
2025-03-30 12:45:00,100,190
2025-03-30 13:00:00,100,179
2025-03-30 13:15:00,96,192
2025-03-30 13:30:00,100,198
2025-03-30 13:45:00,88,185
2025-03-30 14:00:00,88,200
2025-03-30 14:15:00,63,194
2025-03-30 14:30:00,82,200
2025-03-30 14:45:00,100,200
2025-03-30 15:00:00,100,200
2025-03-30 15:15:00,83,190
2025-03-30 15:30:00,100,200
2025-03-30 15:45:00,100,193
2025-03-30 16:00:00,100,192
2025-03-30 16:15:00,100,200
2025-03-30 16:30:00,81,190
2025-03-30 16:45:00,93,200
2025-03-30 17:00:00,100,196
2025-03-30 17:15:00,100,187
2025-03-30 17:30:00,70,192
2025-03-30 17:45:00,67,194
2025-03-30 18:00:00,100,190
2025-03-30 18:15:00,100,187
2025-03-30 18:30:00,82,180
2025-03-30 18:45:00,77,189
2025-03-30 19:00:00,100,180
2025-03-30 19:15:00,100,188
2025-03-30 19:30:00,75,178
2025-03-30 19:45:00,69,179
2025-03-30 20:00:00,100,172
2025-03-30 20:15:00,100,170
2025-03-30 20:30:00,100,161
2025-03-30 20:45:00,61,156
2025-03-30 21:00:00,100,156
2025-03-30 21:15:00,100,158
2025-03-30 21:30:00,58,162
2025-03-30 21:45:00,100,147
2025-03-30 22:00:00,50,151
2025-03-30 22:15:00,92,151
2025-03-30 22:30:00,57,153
2025-03-30 22:45:00,50,139
2025-03-30 23:00:00,93,144
2025-03-30 23:15:00,63,137
2025-03-30 23:30:00,50,126
2025-03-30 23:45:00,90,128
2025-03-31 00:00:00,85,118
2025-03-31 00:15:00,83,124
2025-03-31 00:30:00,50,124
2025-03-31 00:45:00,73,118
2025-03-31 01:00:00,50,115
2025-03-31 01:15:00,79,102
2025-03-31 01:30:00,70,105
2025-03-31 01:45:00,50,104
2025-03-31 02:00:00,53,113
2025-03-31 02:15:00,50,110
2025-03-31 02:30:00,62,113
2025-03-31 02:45:00,81,100
2025-03-31 03:00:00,65,103
2025-03-31 03:15:00,80,108
2025-03-31 03:30:00,50,107
2025-03-31 03:45:00,75,109
2025-03-31 04:00:00,50,100
2025-03-31 04:15:00,50,100
2025-03-31 04:30:00,50,102
2025-03-31 04:45:00,50,110
2025-03-31 05:00:00,74,110
2025-03-31 05:15:00,82,100
2025-03-31 05:30:00,50,100
2025-03-31 05:45:00,50,106
2025-03-31 06:00:00,58,100
2025-03-31 06:15:00,50,110
2025-03-31 06:30:00,71,107
2025-03-31 06:45:00,50,115
2025-03-31 07:00:00,50,111
2025-03-31 07:15:00,71,118
2025-03-31 07:30:00,50,113
2025-03-31 07:45:00,58,121
2025-03-31 08:00:00,98,117
2025-03-31 08:15:00,88,131
2025-03-31 08:30:00,50,138
2025-03-31 08:45:00,99,136
2025-03-31 09:00:00,50,145
2025-03-31 09:15:00,87,149
2025-03-31 09:30:00,76,149
2025-03-31 09:45:00,55,143
2025-03-31 10:00:00,100,151
2025-03-31 10:15:00,100,156
2025-03-31 10:30:00,100,156
2025-03-31 10:45:00,88,166
2025-03-31 11:00:00,50,163
2025-03-31 11:15:00,100,165
2025-03-31 11:30:00,97,165
2025-03-31 11:45:00,82,170
2025-03-31 12:00:00,72,171
2025-03-31 12:15:00,66,171
2025-03-31 12:30:00,80,171
2025-03-31 12:45:00,100,179
2025-03-31 13:00:00,84,176
2025-03-31 13:15:00,100,194
2025-03-31 13:30:00,100,189
2025-03-31 13:45:00,100,196
2025-03-31 14:00:00,58,193
2025-03-31 14:15:00,100,200
2025-03-31 14:30:00,72,197
2025-03-31 14:45:00,100,200
2025-03-31 15:00:00,91,200
2025-03-31 15:15:00,94,194
2025-03-31 15:30:00,100,192
2025-03-31 15:45:00,72,200
2025-03-31 16:00:00,62,193
2025-03-31 16:15:00,100,200
2025-03-31 16:30:00,91,200
2025-03-31 16:45:00,100,193
2025-03-31 17:00:00,100,197
2025-03-31 17:15:00,100,200
2025-03-31 17:30:00,100,189
2025-03-31 17:45:00,68,200
2025-03-31 18:00:00,63,186
2025-03-31 18:15:00,100,191
2025-03-31 18:30:00,62,191
2025-03-31 18:45:00,100,179
2025-03-31 19:00:00,100,194
2025-03-31 19:15:00,100,188
2025-03-31 19:30:00,100,187
2025-03-31 19:45:00,100,186
2025-03-31 20:00:00,100,178
2025-03-31 20:15:00,98,179
2025-03-31 20:30:00,100,175
2025-03-31 20:45:00,78,168
2025-03-31 21:00:00,64,159
2025-03-31 21:15:00,69,166
2025-03-31 21:30:00,57,151
2025-03-31 21:45:00,100,158
2025-03-31 22:00:00,75,150
2025-03-31 22:15:00,79,153
2025-03-31 22:30:00,50,144
2025-03-31 22:45:00,78,144
2025-03-31 23:00:00,50,127
2025-03-31 23:15:00,54,143
2025-03-31 23:30:00,83,140
2025-03-31 23:45:00,90,127
2025-04-01 00:00:00,66,120
2025-04-01 00:15:00,50,131
2025-04-01 00:30:00,50,111
2025-04-01 00:45:00,50,126
2025-04-01 01:00:00,74,106
2025-04-01 01:15:00,85,119
2025-04-01 01:30:00,93,116
2025-04-01 01:45:00,75,100
2025-04-01 02:00:00,72,107
2025-04-01 02:15:00,79,100
2025-04-01 02:30:00,50,101
2025-04-01 02:45:00,50,112
2025-04-01 03:00:00,52,100
2025-04-01 03:15:00,50,100
2025-04-01 03:30:00,50,100
2025-04-01 03:45:00,50,100
2025-04-01 04:00:00,60,107
2025-04-01 04:15:00,50,100
2025-04-01 04:30:00,50,100
2025-04-01 04:45:00,50,100
2025-04-01 05:00:00,50,106
2025-04-01 05:15:00,52,103
2025-04-01 05:30:00,63,108
2025-04-01 05:45:00,50,113
2025-04-01 06:00:00,50,114
2025-04-01 06:15:00,85,109
2025-04-01 06:30:00,50,116
2025-04-01 06:45:00,52,119
2025-04-01 07:00:00,72,122
2025-04-01 07:15:00,51,111
2025-04-01 07:30:00,83,116
2025-04-01 07:45:00,50,118
2025-04-01 08:00:00,50,129
2025-04-01 08:15:00,50,124
2025-04-01 08:30:00,50,121
2025-04-01 08:45:00,73,127
2025-04-01 09:00:00,79,131
2025-04-01 09:15:00,50,132
2025-04-01 09:30:00,50,148
2025-04-01 09:45:00,92,137
2025-04-01 10:00:00,100,154
2025-04-01 10:15:00,83,144
2025-04-01 10:30:00,100,162
2025-04-01 10:45:00,65,164
2025-04-01 11:00:00,98,167
2025-04-01 11:15:00,87,163
2025-04-01 11:30:00,50,164
2025-04-01 11:45:00,71,181
2025-04-01 12:00:00,100,183
2025-04-01 12:15:00,100,182
2025-04-01 12:30:00,69,184
2025-04-01 12:45:00,94,175
2025-04-01 13:00:00,87,191
2025-04-01 13:15:00,100,192
2025-04-01 13:30:00,89,185
2025-04-01 13:45:00,100,183
2025-04-01 14:00:00,69,184
2025-04-01 14:15:00,83,185
2025-04-01 14:30:00,64,196
2025-04-01 14:45:00,100,198
2025-04-01 15:00:00,62,200
2025-04-01 15:15:00,86,200
2025-04-01 15:30:00,100,200
2025-04-01 15:45:00,100,198
2025-04-01 16:00:00,67,198
2025-04-01 16:15:00,61,200
2025-04-01 16:30:00,71,195
2025-04-01 16:45:00,89,200
2025-04-01 17:00:00,100,200
2025-04-01 17:15:00,80,199
2025-04-01 17:30:00,100,194
2025-04-01 17:45:00,87,194
2025-04-01 18:00:00,77,196
2025-04-01 18:15:00,100,197
2025-04-01 18:30:00,58,188
2025-04-01 18:45:00,100,197
2025-04-01 19:00:00,83,176
2025-04-01 19:15:00,53,190
2025-04-01 19:30:00,82,177
2025-04-01 19:45:00,83,173
2025-04-01 20:00:00,59,184
2025-04-01 20:15:00,91,174
2025-04-01 20:30:00,83,169
2025-04-01 20:45:00,62,167
2025-04-01 21:00:00,54,162
2025-04-01 21:15:00,100,154
2025-04-01 21:30:00,73,154
2025-04-01 21:45:00,50,162
2025-04-01 22:00:00,51,156
2025-04-01 22:15:00,57,156
2025-04-01 22:30:00,54,136
2025-04-01 22:45:00,52,137
2025-04-01 23:00:00,100,129
2025-04-01 23:15:00,68,125
2025-04-01 23:30:00,92,121
2025-04-01 23:45:00,58,128
